group;kingdom;phylum;class;order;family;genus;species
ASV00001;Eukaryota;Stramenopiles;Oomycetes;unclassified;unclassified;unclassified;unclassified
ASV00002;Eukaryota;Stramenopiles;Oomycetes;Pythiales;Pythiaceae;Pythium;unclassified
ASV00003;Eukaryota;Stramenopiles;unclassified;unclassified;unclassified;unclassified;unclassified
ASV00004;Eukaryota;Stramenopiles;Oomycetes;unclassified;unclassified;unclassified;unclassified
ASV00005;Eukaryota;Stramenopiles;Oomycetes;unclassified;unclassified;unclassified;unclassified
ASV00006;Eukaryota;Stramenopiles;Oomycetes;Pythiales;Pythiaceae;Pythium;unclassified
ASV00007;Eukaryota;Stramenopiles;Oomycetes;Pythiales;Pythiaceae;Pythium;Pythium_heterothallicum
ASV00008;Eukaryota;Stramenopiles;Oomycetes;Peronosporales;Peronosporales_incertae_sedis;Phytophthora;Phytophthora_citricola
ASV00009;Eukaryota;Stramenopiles;Oomycetes;Pythiales;Pythiaceae;Pythium;unclassified
ASV00010;Eukaryota;Stramenopiles;Oomycetes;Pythiales;Pythiaceae;Pythium;Pythium_attrantheridium
ASV00011;Eukaryota;Stramenopiles;Oomycetes;Pythiales;Pythiaceae;Pythium;Pythium_attrantheridium
ASV00012;Eukaryota;Stramenopiles;unclassified;unclassified;unclassified;unclassified;unclassified
ASV00013;Eukaryota;Stramenopiles;Oomycetes;Pythiales;Pythiaceae;Pythium;Pythium_heterothallicum
ASV00014;Eukaryota;Stramenopiles;Oomycetes;unclassified;unclassified;unclassified;unclassified
ASV00015;Eukaryota;Stramenopiles;Oomycetes;unclassified;unclassified;unclassified;unclassified
ASV00016;Eukaryota;Stramenopiles;Oomycetes;unclassified;unclassified;unclassified;unclassified
ASV00017;Eukaryota;Stramenopiles;Oomycetes;Pythiales;Pythiaceae;Pythium;unclassified
ASV00018;Eukaryota;Stramenopiles;unclassified;unclassified;unclassified;unclassified;unclassified
ASV00019;Eukaryota;Stramenopiles;Oomycetes;Pythiales;Pythiaceae;Pythium;unclassified
ASV00020;Eukaryota;Stramenopiles;Oomycetes;Pythiales;Pythiaceae;Pythium;Pythium_heterothallicum
ASV00021;Eukaryota;Stramenopiles;Oomycetes;Pythiales;Pythiaceae;Pythium;unclassified
ASV00022;Eukaryota;Stramenopiles;Oomycetes;unclassified;unclassified;unclassified;unclassified
ASV00023;Eukaryota;Stramenopiles;Oomycetes;Pythiales;Pythiaceae;Pythium;unclassified
ASV00024;Eukaryota;Stramenopiles;Oomycetes;unclassified;unclassified;unclassified;unclassified
ASV00025;Eukaryota;Stramenopiles;Oomycetes;unclassified;unclassified;unclassified;unclassified
ASV00026;Eukaryota;Stramenopiles;unclassified;unclassified;unclassified;unclassified;unclassified
ASV00027;Eukaryota;Stramenopiles;Oomycetes;Pythiales;Pythiaceae;Pythium;Pythium_kandovanense
ASV00028;Eukaryota;Stramenopiles;Oomycetes;Pythiales;Pythiaceae;Pythium;Pythium_rostratifingens
ASV00029;Eukaryota;Stramenopiles;Oomycetes;Pythiales;Pythiaceae;Pythium;unclassified
ASV00030;Eukaryota;Stramenopiles;Oomycetes;unclassified;unclassified;unclassified;unclassified
ASV00031;Eukaryota;Stramenopiles;Oomycetes;Pythiales;Pythiaceae;Pythium;Pythium_kandovanense
ASV00032;Eukaryota;Stramenopiles;Oomycetes;Pythiales;Pythiaceae;Pythium;unclassified
ASV00033;Eukaryota;Stramenopiles;Oomycetes;Saprolegniales;Saprolegniaceae;Saprolegnia;Saprolegnia_ferax
ASV00034;Eukaryota;Stramenopiles;Oomycetes;Pythiales;Pythiaceae;Pythium;unclassified
ASV00035;Eukaryota;Stramenopiles;Oomycetes;Pythiales;Pythiaceae;Pythium;Pythium_kandovanense
ASV00036;Eukaryota;Stramenopiles;Oomycetes;Pythiales;Pythiaceae;Pythium;unclassified
ASV00037;Eukaryota;Stramenopiles;Oomycetes;Pythiales;Pythiaceae;Pythium;Pythium_attrantheridium
ASV00038;Eukaryota;Stramenopiles;Oomycetes;Pythiales;Pythiaceae;Pythium;unclassified
ASV00039;Eukaryota;Stramenopiles;Oomycetes;Pythiales;Pythiaceae;Pythium;Pythium_kandovanense
ASV00040;Eukaryota;Stramenopiles;Oomycetes;Pythiales;Pythiaceae;Pythium;unclassified
ASV00041;Eukaryota;Stramenopiles;Oomycetes;Pythiales;Pythiaceae;Pythium;Pythium_intermedium
ASV00042;Eukaryota;Stramenopiles;Oomycetes;unclassified;unclassified;unclassified;unclassified
ASV00043;Eukaryota;Stramenopiles;Oomycetes;unclassified;unclassified;unclassified;unclassified
ASV00044;Eukaryota;Stramenopiles;Oomycetes;Saprolegniales;Saprolegniaceae;unclassified;unclassified
ASV00045;Eukaryota;Stramenopiles;unclassified;unclassified;unclassified;unclassified;unclassified
ASV00046;Eukaryota;Stramenopiles;Oomycetes;Pythiales;Pythiaceae;Pythium;unclassified
ASV00047;Eukaryota;Stramenopiles;Oomycetes;Saprolegniales;Saprolegniaceae;unclassified;unclassified
ASV00048;Eukaryota;Stramenopiles;Oomycetes;Pythiales;Pythiaceae;Pythium;Pythium_rostratifingens
ASV00049;Eukaryota;Stramenopiles;Oomycetes;Pythiales;Pythiaceae;Pythium;Pythium_attrantheridium
ASV00050;Eukaryota;Stramenopiles;Oomycetes;Pythiales;Pythiaceae;Pythium;Pythium_heterothallicum
ASV00051;Eukaryota;Stramenopiles;Oomycetes;unclassified;unclassified;unclassified;unclassified
ASV00052;Eukaryota;Stramenopiles;Oomycetes;Peronosporales;Peronosporales_incertae_sedis;Phytophthora;Phytophthora_citricola
ASV00053;Eukaryota;Stramenopiles;Oomycetes;Pythiales;Pythiaceae;Pythium;Pythium_intermedium
ASV00054;Eukaryota;Stramenopiles;Oomycetes;Pythiales;Pythiaceae;Pythium;Pythium_kandovanense
ASV00055;Eukaryota;Stramenopiles;unclassified;unclassified;unclassified;unclassified;unclassified
ASV00056;Eukaryota;Stramenopiles;Oomycetes;unclassified;unclassified;unclassified;unclassified
ASV00057;Eukaryota;Stramenopiles;Oomycetes;Pythiales;Pythiaceae;Pythium;Pythium_heterothallicum
ASV00058;Eukaryota;Stramenopiles;Oomycetes;Pythiales;Pythiaceae;Pythium;unclassified
ASV00059;Eukaryota;Stramenopiles;Oomycetes;Peronosporales;Peronosporaceae;unclassified;unclassified
ASV00060;Eukaryota;Stramenopiles;Oomycetes;unclassified;unclassified;unclassified;unclassified
ASV00061;Eukaryota;Stramenopiles;Oomycetes;Pythiales;Pythiaceae;Pythium;unclassified
ASV00062;Eukaryota;Stramenopiles;Oomycetes;unclassified;unclassified;unclassified;unclassified
ASV00063;Eukaryota;Stramenopiles;Oomycetes;unclassified;unclassified;unclassified;unclassified
ASV00064;Eukaryota;Stramenopiles;Oomycetes;Saprolegniales;Saprolegniaceae;unclassified;unclassified
ASV00065;Eukaryota;Stramenopiles;Oomycetes;unclassified;unclassified;unclassified;unclassified
ASV00066;Eukaryota;Stramenopiles;Oomycetes;unclassified;unclassified;unclassified;unclassified
ASV00067;Eukaryota;Stramenopiles;Oomycetes;unclassified;unclassified;unclassified;unclassified
ASV00068;Eukaryota;Stramenopiles;Oomycetes;unclassified;unclassified;unclassified;unclassified
ASV00069;Eukaryota;Stramenopiles;Oomycetes;unclassified;unclassified;unclassified;unclassified
ASV00070;Eukaryota;Stramenopiles;unclassified;unclassified;unclassified;unclassified;unclassified
ASV00071;Eukaryota;Stramenopiles;Oomycetes;Peronosporales;Peronosporales_incertae_sedis;Phytophthora;Phytophthora_citricola
ASV00072;Eukaryota;Stramenopiles;Oomycetes;Pythiales;Pythiaceae;Pythium;unclassified
ASV00073;Eukaryota;Stramenopiles;Oomycetes;Pythiales;Pythiaceae;Pythium;unclassified
ASV00074;Eukaryota;Stramenopiles;Oomycetes;Pythiales;Pythiaceae;Pythium;Pythium_intermedium
ASV00075;Eukaryota;Stramenopiles;Oomycetes;unclassified;unclassified;unclassified;unclassified
ASV00076;Eukaryota;Stramenopiles;Oomycetes;unclassified;unclassified;unclassified;unclassified
ASV00077;Eukaryota;Stramenopiles;Oomycetes;Pythiales;Pythiaceae;Pythium;unclassified
ASV00078;Eukaryota;Stramenopiles;Oomycetes;unclassified;unclassified;unclassified;unclassified
ASV00079;Eukaryota;Stramenopiles;Oomycetes;unclassified;unclassified;unclassified;unclassified
ASV00080;Eukaryota;Stramenopiles;Oomycetes;unclassified;unclassified;unclassified;unclassified
ASV00081;Eukaryota;Stramenopiles;Oomycetes;unclassified;unclassified;unclassified;unclassified
ASV00082;Eukaryota;Stramenopiles;Oomycetes;Saprolegniales;Saprolegniaceae;unclassified;unclassified
ASV00083;Eukaryota;Stramenopiles;Oomycetes;Pythiales;Pythiaceae;Pythium;Pythium_heterothallicum
ASV00084;Eukaryota;Stramenopiles;Oomycetes;unclassified;unclassified;unclassified;unclassified
ASV00085;Eukaryota;Stramenopiles;unclassified;unclassified;unclassified;unclassified;unclassified
ASV00086;Eukaryota;Stramenopiles;Oomycetes;unclassified;unclassified;unclassified;unclassified
ASV00087;Eukaryota;Stramenopiles;Oomycetes;Pythiales;Pythiaceae;Pythium;unclassified
ASV00088;Eukaryota;Stramenopiles;Oomycetes;unclassified;unclassified;unclassified;unclassified
ASV00089;Eukaryota;Stramenopiles;Oomycetes;Peronosporales;Peronosporaceae;unclassified;unclassified
ASV00090;Eukaryota;Stramenopiles;Oomycetes;Pythiales;Pythiaceae;Pythium;Pythium_rostratifingens
ASV00091;Eukaryota;Stramenopiles;Oomycetes;unclassified;unclassified;unclassified;unclassified
ASV00092;Eukaryota;Stramenopiles;Oomycetes;unclassified;unclassified;unclassified;unclassified
ASV00093;Eukaryota;Stramenopiles;Oomycetes;unclassified;unclassified;unclassified;unclassified
ASV00094;Eukaryota;Stramenopiles;Oomycetes;Saprolegniales;Saprolegniaceae;unclassified;unclassified
ASV00095;Eukaryota;Stramenopiles;Oomycetes;Peronosporales;Peronosporales_incertae_sedis;Phytophthora;Phytophthora_citricola
ASV00096;Eukaryota;Stramenopiles;Oomycetes;Pythiales;Pythiaceae;Pythium;unclassified
ASV00097;Eukaryota;Stramenopiles;Oomycetes;unclassified;unclassified;unclassified;unclassified
ASV00098;Eukaryota;Stramenopiles;Oomycetes;unclassified;unclassified;unclassified;unclassified
ASV00099;Eukaryota;Stramenopiles;Oomycetes;Pythiales;Pythiaceae;Pythium;unclassified
ASV00100;Eukaryota;Stramenopiles;Oomycetes;Saprolegniales;Saprolegniaceae;unclassified;unclassified
ASV00101;Eukaryota;Stramenopiles;Oomycetes;unclassified;unclassified;unclassified;unclassified
ASV00102;Eukaryota;Stramenopiles;Oomycetes;Peronosporales;Peronosporaceae;unclassified;unclassified
ASV00103;Eukaryota;Stramenopiles;Oomycetes;Pythiales;Pythiaceae;Pythium;Pythium_kandovanense
ASV00104;Eukaryota;Stramenopiles;Oomycetes;unclassified;unclassified;unclassified;unclassified
ASV00105;Eukaryota;Stramenopiles;Oomycetes;unclassified;unclassified;unclassified;unclassified
ASV00106;Eukaryota;Stramenopiles;Oomycetes;unclassified;unclassified;unclassified;unclassified
ASV00107;Eukaryota;Stramenopiles;Oomycetes;unclassified;unclassified;unclassified;unclassified
ASV00108;Eukaryota;Stramenopiles;Oomycetes;Saprolegniales;Saprolegniaceae;Saprolegnia;Saprolegnia_ferax
ASV00109;Eukaryota;Stramenopiles;Oomycetes;unclassified;unclassified;unclassified;unclassified
ASV00110;Eukaryota;Stramenopiles;unclassified;unclassified;unclassified;unclassified;unclassified
ASV00111;Eukaryota;Stramenopiles;Oomycetes;unclassified;unclassified;unclassified;unclassified
ASV00112;Eukaryota;Stramenopiles;Oomycetes;unclassified;unclassified;unclassified;unclassified
ASV00113;Eukaryota;Stramenopiles;Oomycetes;unclassified;unclassified;unclassified;unclassified
ASV00114;Eukaryota;Stramenopiles;Oomycetes;Pythiales;Pythiaceae;Pythium;unclassified
ASV00115;Eukaryota;Stramenopiles;Oomycetes;Pythiales;Pythiaceae;Pythium;unclassified
ASV00116;Eukaryota;Stramenopiles;unclassified;unclassified;unclassified;unclassified;unclassified
ASV00117;Eukaryota;Stramenopiles;Oomycetes;Saprolegniales;Saprolegniaceae;Saprolegnia;Saprolegnia_ferax
ASV00118;Eukaryota;Stramenopiles;Oomycetes;unclassified;unclassified;unclassified;unclassified
ASV00119;Eukaryota;Stramenopiles;unclassified;unclassified;unclassified;unclassified;unclassified
ASV00120;Eukaryota;Stramenopiles;Oomycetes;unclassified;unclassified;unclassified;unclassified
ASV00121;Eukaryota;Stramenopiles;Oomycetes;unclassified;unclassified;unclassified;unclassified
ASV00122;Eukaryota;Stramenopiles;Oomycetes;unclassified;unclassified;unclassified;unclassified
ASV00123;Eukaryota;Stramenopiles;Oomycetes;unclassified;unclassified;unclassified;unclassified
ASV00124;Eukaryota;Stramenopiles;Oomycetes;unclassified;unclassified;unclassified;unclassified
ASV00125;Eukaryota;Stramenopiles;Oomycetes;unclassified;unclassified;unclassified;unclassified
ASV00126;Eukaryota;Stramenopiles;Oomycetes;Peronosporales;Peronosporaceae;Plasmopara;Plasmopara_halstedii
ASV00127;Eukaryota;Stramenopiles;Oomycetes;unclassified;unclassified;unclassified;unclassified
ASV00128;Eukaryota;Stramenopiles;Oomycetes;Pythiales;Pythiaceae;Pythium;Pythium_kandovanense
ASV00129;Eukaryota;Stramenopiles;Oomycetes;unclassified;unclassified;unclassified;unclassified
ASV00130;Eukaryota;Stramenopiles;Oomycetes;unclassified;unclassified;unclassified;unclassified
ASV00131;Eukaryota;Stramenopiles;Oomycetes;unclassified;unclassified;unclassified;unclassified
ASV00132;Eukaryota;Stramenopiles;Oomycetes;Peronosporales;Peronosporaceae;unclassified;unclassified
ASV00133;Eukaryota;Stramenopiles;Oomycetes;unclassified;unclassified;unclassified;unclassified
ASV00134;Eukaryota;Stramenopiles;Oomycetes;unclassified;unclassified;unclassified;unclassified
ASV00135;Eukaryota;Stramenopiles;Oomycetes;Pythiales;Pythiaceae;Pythium;unclassified
ASV00136;Eukaryota;Stramenopiles;Oomycetes;unclassified;unclassified;unclassified;unclassified
ASV00137;Eukaryota;Stramenopiles;Oomycetes;unclassified;unclassified;unclassified;unclassified
ASV00138;Eukaryota;Stramenopiles;Oomycetes;Peronosporales;Peronosporaceae;unclassified;unclassified
ASV00139;Eukaryota;Stramenopiles;Oomycetes;Pythiales;Pythiaceae;Pythium;unclassified
ASV00140;Eukaryota;Stramenopiles;Oomycetes;Saprolegniales;Saprolegniaceae;Saprolegnia;Saprolegnia_ferax
ASV00141;Eukaryota;Stramenopiles;Oomycetes;Pythiales;Pythiaceae;Pythium;Pythium_kandovanense
ASV00142;Eukaryota;Stramenopiles;Oomycetes;Saprolegniales;Saprolegniaceae;Saprolegnia;Saprolegnia_ferax
ASV00143;Eukaryota;Stramenopiles;Oomycetes;unclassified;unclassified;unclassified;unclassified
ASV00144;Eukaryota;Stramenopiles;Oomycetes;unclassified;unclassified;unclassified;unclassified
ASV00145;Eukaryota;Stramenopiles;Oomycetes;unclassified;unclassified;unclassified;unclassified
ASV00146;Eukaryota;Stramenopiles;Oomycetes;Pythiales;Pythiaceae;Pythium;unclassified
ASV00147;Eukaryota;Stramenopiles;Oomycetes;unclassified;unclassified;unclassified;unclassified
ASV00148;Eukaryota;Stramenopiles;Oomycetes;Pythiales;Pythiaceae;Pythium;Pythium_kandovanense
ASV00149;Eukaryota;Stramenopiles;Oomycetes;Pythiales;Pythiaceae;Pythium;unclassified
ASV00150;Eukaryota;Stramenopiles;Oomycetes;unclassified;unclassified;unclassified;unclassified
ASV00151;Eukaryota;Stramenopiles;Oomycetes;unclassified;unclassified;unclassified;unclassified
ASV00152;Eukaryota;Stramenopiles;Oomycetes;unclassified;unclassified;unclassified;unclassified
ASV00153;Eukaryota;Stramenopiles;Oomycetes;Pythiales;Pythiaceae;Pythium;Pythium_kandovanense
ASV00154;Eukaryota;Stramenopiles;Oomycetes;unclassified;unclassified;unclassified;unclassified
ASV00155;Eukaryota;Stramenopiles;Oomycetes;unclassified;unclassified;unclassified;unclassified
ASV00156;Eukaryota;Stramenopiles;Oomycetes;Pythiales;Pythiaceae;Pythium;Pythium_attrantheridium
ASV00157;Eukaryota;Stramenopiles;Oomycetes;Pythiales;Pythiaceae;Pythium;Pythium_attrantheridium
ASV00158;Eukaryota;Stramenopiles;Oomycetes;unclassified;unclassified;unclassified;unclassified
ASV00159;Eukaryota;Stramenopiles;Oomycetes;unclassified;unclassified;unclassified;unclassified
ASV00160;Eukaryota;Stramenopiles;Oomycetes;Pythiales;Pythiaceae;Pythium;Pythium_kandovanense
ASV00161;Eukaryota;Stramenopiles;Oomycetes;Pythiales;Pythiaceae;Pythium;unclassified
ASV00162;Eukaryota;Stramenopiles;Oomycetes;unclassified;unclassified;unclassified;unclassified
ASV00163;Eukaryota;Stramenopiles;Oomycetes;Peronosporales;unclassified;unclassified;unclassified
ASV00164;Eukaryota;Stramenopiles;unclassified;unclassified;unclassified;unclassified;unclassified
ASV00165;Eukaryota;Stramenopiles;Oomycetes;Pythiales;Pythiaceae;Pythium;unclassified
ASV00166;Eukaryota;Stramenopiles;Oomycetes;Pythiales;Pythiaceae;Pythium;Pythium_kandovanense
ASV00167;Eukaryota;Stramenopiles;Oomycetes;unclassified;unclassified;unclassified;unclassified
ASV00168;Eukaryota;Stramenopiles;Oomycetes;unclassified;unclassified;unclassified;unclassified
ASV00169;Eukaryota;Stramenopiles;Oomycetes;Peronosporales;unclassified;unclassified;unclassified
ASV00170;Eukaryota;Stramenopiles;Oomycetes;Peronosporales;unclassified;unclassified;unclassified
ASV00171;Eukaryota;Stramenopiles;Oomycetes;unclassified;unclassified;unclassified;unclassified
ASV00172;Eukaryota;Stramenopiles;Oomycetes;unclassified;unclassified;unclassified;unclassified
ASV00173;Eukaryota;Stramenopiles;Oomycetes;unclassified;unclassified;unclassified;unclassified
ASV00174;Eukaryota;Stramenopiles;Oomycetes;unclassified;unclassified;unclassified;unclassified
ASV00175;Eukaryota;Stramenopiles;Oomycetes;Pythiales;Pythiaceae;Pythium;unclassified
ASV00176;Eukaryota;Stramenopiles;Oomycetes;unclassified;unclassified;unclassified;unclassified
ASV00177;Eukaryota;Stramenopiles;Oomycetes;unclassified;unclassified;unclassified;unclassified
ASV00178;Eukaryota;Stramenopiles;Oomycetes;unclassified;unclassified;unclassified;unclassified
ASV00179;Eukaryota;Stramenopiles;Oomycetes;Peronosporales;Peronosporaceae;unclassified;unclassified
ASV00180;Eukaryota;Stramenopiles;Oomycetes;unclassified;unclassified;unclassified;unclassified
ASV00181;Eukaryota;Stramenopiles;Oomycetes;Pythiales;Pythiaceae;Pythium;Pythium_kandovanense
ASV00182;Eukaryota;Stramenopiles;Oomycetes;Pythiales;Pythiaceae;Pythium;Pythium_attrantheridium
ASV00183;Eukaryota;Stramenopiles;Oomycetes;unclassified;unclassified;unclassified;unclassified
ASV00184;Eukaryota;Stramenopiles;Oomycetes;unclassified;unclassified;unclassified;unclassified
ASV00185;Eukaryota;Stramenopiles;Oomycetes;unclassified;unclassified;unclassified;unclassified
ASV00186;Eukaryota;Stramenopiles;Oomycetes;Pythiales;Pythiaceae;Pythium;unclassified
ASV00187;Eukaryota;Stramenopiles;Oomycetes;unclassified;unclassified;unclassified;unclassified
ASV00188;Eukaryota;Stramenopiles;Oomycetes;Pythiales;Pythiaceae;Pythium;unclassified
ASV00189;Eukaryota;Stramenopiles;Oomycetes;unclassified;unclassified;unclassified;unclassified
ASV00190;Eukaryota;Stramenopiles;Oomycetes;Pythiales;Pythiaceae;Pythium;unclassified
ASV00191;Eukaryota;Stramenopiles;Oomycetes;unclassified;unclassified;unclassified;unclassified
ASV00192;Eukaryota;Stramenopiles;Oomycetes;Pythiales;Pythiaceae;Pythium;Pythium_intermedium
ASV00193;Eukaryota;Stramenopiles;Oomycetes;Pythiales;Pythiaceae;Pythium;unclassified
ASV00194;Eukaryota;Stramenopiles;Oomycetes;unclassified;unclassified;unclassified;unclassified
ASV00195;Eukaryota;Stramenopiles;Oomycetes;Peronosporales;Peronosporales_incertae_sedis;Phytophthora;Phytophthora_citricola
ASV00196;Eukaryota;Stramenopiles;Oomycetes;unclassified;unclassified;unclassified;unclassified
ASV00197;Eukaryota;Stramenopiles;unclassified;unclassified;unclassified;unclassified;unclassified
ASV00198;Eukaryota;Stramenopiles;Oomycetes;Peronosporales;unclassified;unclassified;unclassified
ASV00199;Eukaryota;Stramenopiles;Oomycetes;Pythiales;Pythiaceae;Pythium;Pythium_kandovanense
ASV00200;Eukaryota;Stramenopiles;Oomycetes;Pythiales;Pythiaceae;Pythium;unclassified
ASV00201;Eukaryota;Stramenopiles;Oomycetes;Peronosporales;Peronosporaceae;unclassified;unclassified
ASV00202;Eukaryota;Stramenopiles;Oomycetes;Pythiales;Pythiaceae;Pythium;unclassified
ASV00203;Eukaryota;Stramenopiles;Oomycetes;unclassified;unclassified;unclassified;unclassified
ASV00204;Eukaryota;Stramenopiles;Oomycetes;unclassified;unclassified;unclassified;unclassified
ASV00205;Eukaryota;Stramenopiles;Oomycetes;unclassified;unclassified;unclassified;unclassified
ASV00206;Eukaryota;Stramenopiles;Oomycetes;Peronosporales;unclassified;unclassified;unclassified
ASV00207;Eukaryota;Stramenopiles;unclassified;unclassified;unclassified;unclassified;unclassified
ASV00208;Eukaryota;Stramenopiles;Oomycetes;unclassified;unclassified;unclassified;unclassified
ASV00209;Eukaryota;Stramenopiles;Oomycetes;unclassified;unclassified;unclassified;unclassified
ASV00210;Eukaryota;Stramenopiles;Oomycetes;unclassified;unclassified;unclassified;unclassified
ASV00211;Eukaryota;Stramenopiles;Oomycetes;Pythiales;Pythiaceae;Pythium;unclassified
ASV00212;Eukaryota;Stramenopiles;unclassified;unclassified;unclassified;unclassified;unclassified
ASV00213;Eukaryota;Stramenopiles;Oomycetes;unclassified;unclassified;unclassified;unclassified
ASV00214;Eukaryota;Stramenopiles;Oomycetes;unclassified;unclassified;unclassified;unclassified
ASV00215;Eukaryota;Stramenopiles;Oomycetes;Peronosporales;unclassified;unclassified;unclassified
ASV00216;Eukaryota;Stramenopiles;Oomycetes;unclassified;unclassified;unclassified;unclassified
ASV00217;Eukaryota;Stramenopiles;Oomycetes;unclassified;unclassified;unclassified;unclassified
ASV00218;Eukaryota;Stramenopiles;Oomycetes;unclassified;unclassified;unclassified;unclassified
ASV00219;Eukaryota;Stramenopiles;Oomycetes;unclassified;unclassified;unclassified;unclassified
ASV00220;Eukaryota;Stramenopiles;Oomycetes;unclassified;unclassified;unclassified;unclassified
ASV00221;Eukaryota;Stramenopiles;Oomycetes;Peronosporales;Peronosporaceae;Peronospora;unclassified
ASV00222;Eukaryota;Stramenopiles;Oomycetes;Pythiales;Pythiaceae;Pythium;Pythium_kandovanense
ASV00223;Eukaryota;Stramenopiles;Oomycetes;unclassified;unclassified;unclassified;unclassified
ASV00224;Eukaryota;Stramenopiles;Oomycetes;Pythiales;Pythiaceae;Pythium;Pythium_attrantheridium
ASV00225;Eukaryota;Stramenopiles;Oomycetes;Pythiales;Pythiaceae;Pythium;unclassified
ASV00226;Eukaryota;Stramenopiles;Oomycetes;unclassified;unclassified;unclassified;unclassified
ASV00227;Eukaryota;Stramenopiles;Oomycetes;unclassified;unclassified;unclassified;unclassified
ASV00228;Eukaryota;Stramenopiles;Oomycetes;unclassified;unclassified;unclassified;unclassified
ASV00229;Eukaryota;Stramenopiles;Oomycetes;Peronosporales;Peronosporaceae;unclassified;unclassified
ASV00230;Eukaryota;Stramenopiles;Oomycetes;unclassified;unclassified;unclassified;unclassified
ASV00231;Eukaryota;Stramenopiles;Oomycetes;Pythiales;Pythiaceae;Pythium;Pythium_rostratifingens
ASV00232;Eukaryota;Stramenopiles;Oomycetes;Pythiales;Pythiaceae;Pythium;Pythium_kandovanense
ASV00233;Eukaryota;Stramenopiles;Oomycetes;unclassified;unclassified;unclassified;unclassified
ASV00234;Eukaryota;Stramenopiles;Oomycetes;Pythiales;Pythiaceae;Pythium;Pythium_kandovanense
ASV00235;Eukaryota;Stramenopiles;Oomycetes;Pythiales;Pythiaceae;Pythium;unclassified
ASV00236;Eukaryota;Stramenopiles;Oomycetes;unclassified;unclassified;unclassified;unclassified
ASV00237;Eukaryota;Stramenopiles;Oomycetes;unclassified;unclassified;unclassified;unclassified
ASV00238;Eukaryota;Stramenopiles;Oomycetes;Pythiales;Pythiaceae;Pythium;Pythium_kunmingense
ASV00239;Eukaryota;Stramenopiles;Oomycetes;Pythiales;Pythiaceae;Pythium;Pythium_kandovanense
ASV00240;Eukaryota;Stramenopiles;Oomycetes;unclassified;unclassified;unclassified;unclassified
ASV00241;Eukaryota;Stramenopiles;Oomycetes;unclassified;unclassified;unclassified;unclassified
ASV00242;Eukaryota;Stramenopiles;Oomycetes;Pythiales;Pythiaceae;Pythium;unclassified
ASV00243;Eukaryota;Stramenopiles;Oomycetes;unclassified;unclassified;unclassified;unclassified
ASV00244;Eukaryota;Stramenopiles;Oomycetes;unclassified;unclassified;unclassified;unclassified
ASV00245;Eukaryota;Stramenopiles;Oomycetes;unclassified;unclassified;unclassified;unclassified
ASV00246;Eukaryota;Stramenopiles;Oomycetes;Pythiales;Pythiaceae;Pythium;Pythium_heterothallicum
ASV00247;Eukaryota;Stramenopiles;Oomycetes;Pythiales;Pythiaceae;Pythium;unclassified
ASV00248;Eukaryota;Stramenopiles;unclassified;unclassified;unclassified;unclassified;unclassified
ASV00249;Eukaryota;Stramenopiles;Oomycetes;Leptomitales;Leptomitales_incertae_sedis;unclassified;unclassified
ASV00250;Eukaryota;Stramenopiles;Oomycetes;Pythiales;Pythiaceae;Pythium;unclassified
ASV00251;Eukaryota;Stramenopiles;Hyphochytriomycetes;Hyphochytriomycetes_Class_Incertae_sedis;Hyphochytriaceae;Hyphochytrium;Hyphochytrium_catenoides
ASV00252;Eukaryota;Stramenopiles;Oomycetes;Leptomitales;Leptomitales_incertae_sedis;unclassified;unclassified
ASV00253;Eukaryota;Stramenopiles;Oomycetes;Pythiales;Pythiaceae;Pythium;unclassified
ASV00254;Eukaryota;Stramenopiles;Oomycetes;Peronosporales;Peronosporaceae;unclassified;unclassified
ASV00255;Eukaryota;Stramenopiles;Oomycetes;unclassified;unclassified;unclassified;unclassified
ASV00256;Eukaryota;Stramenopiles;Oomycetes;Pythiales;Pythiaceae;Pythium;Pythium_attrantheridium
ASV00257;Eukaryota;Stramenopiles;Oomycetes;unclassified;unclassified;unclassified;unclassified
ASV00258;Eukaryota;Stramenopiles;Oomycetes;Pythiales;Pythiaceae;Pythium;unclassified
ASV00259;Eukaryota;Stramenopiles;Oomycetes;unclassified;unclassified;unclassified;unclassified
ASV00260;Eukaryota;Stramenopiles;Oomycetes;Pythiales;Pythiaceae;Pythium;unclassified
ASV00261;Eukaryota;Stramenopiles;Oomycetes;Pythiales;Pythiaceae;Pythium;unclassified
ASV00262;Eukaryota;Stramenopiles;Oomycetes;Pythiales;Pythiaceae;Pythium;unclassified
ASV00263;Eukaryota;Stramenopiles;Oomycetes;Pythiales;Pythiaceae;Pythium;unclassified
ASV00264;Eukaryota;Stramenopiles;Oomycetes;Peronosporales;Peronosporales_incertae_sedis;Phytophthora;Phytophthora_capsici
ASV00265;Eukaryota;Stramenopiles;Oomycetes;unclassified;unclassified;unclassified;unclassified
ASV00266;Eukaryota;Stramenopiles;Oomycetes;Pythiales;Pythiaceae;Pythium;unclassified
ASV00267;Eukaryota;Stramenopiles;Oomycetes;Pythiales;Pythiaceae;Pythium;unclassified
ASV00268;Eukaryota;Stramenopiles;Oomycetes;unclassified;unclassified;unclassified;unclassified
ASV00269;Eukaryota;Stramenopiles;Oomycetes;Pythiales;Pythiaceae;Pythium;unclassified
ASV00270;Eukaryota;Stramenopiles;Oomycetes;unclassified;unclassified;unclassified;unclassified
ASV00271;Eukaryota;Stramenopiles;Oomycetes;Peronosporales;Peronosporaceae;Pseudoperonospora;Pseudoperonospora_celtidis
ASV00272;Eukaryota;Stramenopiles;Oomycetes;Pythiales;Pythiaceae;Pythium;unclassified
ASV00273;Eukaryota;Stramenopiles;Oomycetes;unclassified;unclassified;unclassified;unclassified
ASV00274;Eukaryota;Stramenopiles;Oomycetes;unclassified;unclassified;unclassified;unclassified
ASV00275;Eukaryota;Stramenopiles;Oomycetes;Pythiales;Pythiaceae;Pythium;Pythium_attrantheridium
ASV00276;Eukaryota;Stramenopiles;Oomycetes;Pythiales;Pythiaceae;Pythium;unclassified
ASV00277;Eukaryota;Stramenopiles;Oomycetes;unclassified;unclassified;unclassified;unclassified
ASV00278;Eukaryota;Stramenopiles;Oomycetes;unclassified;unclassified;unclassified;unclassified
ASV00279;Eukaryota;Stramenopiles;Oomycetes;Pythiales;Pythiaceae;Pythium;unclassified
ASV00280;Eukaryota;Stramenopiles;Oomycetes;Leptomitales;Leptomitales_incertae_sedis;unclassified;unclassified
ASV00281;Eukaryota;Stramenopiles;Oomycetes;Pythiales;Pythiaceae;Pythium;Pythium_heterothallicum
ASV00282;Eukaryota;Stramenopiles;Oomycetes;unclassified;unclassified;unclassified;unclassified
ASV00283;Eukaryota;Stramenopiles;Oomycetes;Peronosporales;Peronosporales_incertae_sedis;Phytophthora;unclassified
ASV00284;Eukaryota;Stramenopiles;Oomycetes;unclassified;unclassified;unclassified;unclassified
ASV00285;Eukaryota;Stramenopiles;Oomycetes;Pythiales;Pythiaceae;Pythium;unclassified
ASV00286;Eukaryota;Stramenopiles;Oomycetes;unclassified;unclassified;unclassified;unclassified
ASV00287;Eukaryota;Stramenopiles;Oomycetes;unclassified;unclassified;unclassified;unclassified
ASV00288;Eukaryota;Stramenopiles;Oomycetes;unclassified;unclassified;unclassified;unclassified
ASV00289;Eukaryota;Stramenopiles;Oomycetes;unclassified;unclassified;unclassified;unclassified
ASV00290;Eukaryota;Stramenopiles;Oomycetes;Pythiales;Pythiaceae;Pythium;unclassified
ASV00291;Eukaryota;Stramenopiles;Oomycetes;unclassified;unclassified;unclassified;unclassified
ASV00292;Eukaryota;Stramenopiles;Oomycetes;Pythiales;Pythiaceae;Pythium;unclassified
ASV00293;Eukaryota;Stramenopiles;Oomycetes;unclassified;unclassified;unclassified;unclassified
ASV00294;Eukaryota;Stramenopiles;Oomycetes;Pythiales;Pythiaceae;Pythium;Pythium_attrantheridium
ASV00295;Eukaryota;Stramenopiles;Oomycetes;unclassified;unclassified;unclassified;unclassified
ASV00296;Eukaryota;Stramenopiles;Oomycetes;Saprolegniales;Saprolegniaceae;unclassified;unclassified
ASV00297;Eukaryota;Stramenopiles;Oomycetes;Peronosporales;Peronosporaceae;unclassified;unclassified
ASV00298;Eukaryota;Stramenopiles;Oomycetes;unclassified;unclassified;unclassified;unclassified
ASV00299;Eukaryota;Stramenopiles;Oomycetes;Pythiales;Pythiaceae;Pythium;unclassified
ASV00300;Eukaryota;Stramenopiles;Oomycetes;Pythiales;Pythiaceae;Pythium;unclassified
ASV00301;Eukaryota;Stramenopiles;Oomycetes;unclassified;unclassified;unclassified;unclassified
ASV00302;Eukaryota;Stramenopiles;Oomycetes;Pythiales;Pythiaceae;Pythium;unclassified
ASV00303;Eukaryota;Stramenopiles;Oomycetes;Pythiales;Pythiaceae;Pythium;unclassified
ASV00304;Eukaryota;Stramenopiles;Oomycetes;Pythiales;Pythiaceae;Pythium;Pythium_rostratifingens
ASV00305;Eukaryota;Stramenopiles;Oomycetes;unclassified;unclassified;unclassified;unclassified
ASV00306;Eukaryota;Stramenopiles;Oomycetes;unclassified;unclassified;unclassified;unclassified
ASV00307;Eukaryota;Stramenopiles;Oomycetes;unclassified;unclassified;unclassified;unclassified
ASV00308;Eukaryota;Stramenopiles;Oomycetes;Peronosporales;Peronosporaceae;unclassified;unclassified
ASV00309;Eukaryota;Stramenopiles;Oomycetes;unclassified;unclassified;unclassified;unclassified
ASV00310;Eukaryota;Stramenopiles;Oomycetes;unclassified;unclassified;unclassified;unclassified
ASV00311;Eukaryota;Stramenopiles;Oomycetes;unclassified;unclassified;unclassified;unclassified
ASV00312;Eukaryota;Stramenopiles;Oomycetes;Pythiales;Pythiaceae;Pythium;unclassified
ASV00313;Eukaryota;Stramenopiles;Oomycetes;unclassified;unclassified;unclassified;unclassified
ASV00314;Eukaryota;Stramenopiles;Oomycetes;unclassified;unclassified;unclassified;unclassified
ASV00315;Eukaryota;Stramenopiles;Oomycetes;unclassified;unclassified;unclassified;unclassified
ASV00316;Eukaryota;Stramenopiles;Oomycetes;unclassified;unclassified;unclassified;unclassified
ASV00317;Eukaryota;Stramenopiles;Oomycetes;Saprolegniales;Saprolegniaceae;Saprolegnia;Saprolegnia_ferax
ASV00318;Eukaryota;Stramenopiles;Oomycetes;Pythiales;Pythiaceae;Pythium;Pythium_kandovanense
ASV00319;Eukaryota;Stramenopiles;Oomycetes;unclassified;unclassified;unclassified;unclassified
ASV00320;Eukaryota;Stramenopiles;Oomycetes;unclassified;unclassified;unclassified;unclassified
ASV00321;Eukaryota;Stramenopiles;Oomycetes;unclassified;unclassified;unclassified;unclassified
ASV00322;Eukaryota;Stramenopiles;unclassified;unclassified;unclassified;unclassified;unclassified
ASV00323;Eukaryota;Stramenopiles;Oomycetes;unclassified;unclassified;unclassified;unclassified
ASV00324;Eukaryota;Stramenopiles;Oomycetes;Pythiales;Pythiaceae;Pythium;unclassified
ASV00325;Eukaryota;Stramenopiles;Oomycetes;Pythiales;Pythiaceae;Pythium;unclassified
ASV00326;Eukaryota;Stramenopiles;Oomycetes;unclassified;unclassified;unclassified;unclassified
ASV00327;Eukaryota;Stramenopiles;Oomycetes;Pythiales;Pythiaceae;Pythium;Pythium_attrantheridium
ASV00328;Eukaryota;Stramenopiles;Oomycetes;unclassified;unclassified;unclassified;unclassified
ASV00329;Eukaryota;Stramenopiles;Oomycetes;Pythiales;Pythiaceae;Pythium;unclassified
ASV00330;Eukaryota;Stramenopiles;Oomycetes;Peronosporales;unclassified;unclassified;unclassified
ASV00331;Eukaryota;Stramenopiles;Oomycetes;unclassified;unclassified;unclassified;unclassified
ASV00332;Eukaryota;Stramenopiles;Oomycetes;unclassified;unclassified;unclassified;unclassified
ASV00333;Eukaryota;Stramenopiles;Oomycetes;unclassified;unclassified;unclassified;unclassified
ASV00334;Eukaryota;Stramenopiles;unclassified;unclassified;unclassified;unclassified;unclassified
ASV00335;Eukaryota;Stramenopiles;Oomycetes;unclassified;unclassified;unclassified;unclassified
ASV00336;Eukaryota;Stramenopiles;Oomycetes;unclassified;unclassified;unclassified;unclassified
ASV00337;Eukaryota;Stramenopiles;Oomycetes;unclassified;unclassified;unclassified;unclassified
ASV00338;Eukaryota;Stramenopiles;Oomycetes;unclassified;unclassified;unclassified;unclassified
ASV00339;Eukaryota;Stramenopiles;Oomycetes;unclassified;unclassified;unclassified;unclassified
ASV00340;Eukaryota;Stramenopiles;Oomycetes;unclassified;unclassified;unclassified;unclassified
ASV00341;Eukaryota;Stramenopiles;Oomycetes;Pythiales;Pythiaceae;Pythium;Pythium_kandovanense
ASV00342;Eukaryota;Stramenopiles;Oomycetes;unclassified;unclassified;unclassified;unclassified
ASV00343;Eukaryota;Stramenopiles;Oomycetes;Pythiales;Pythiaceae;Pythium;unclassified
ASV00344;Eukaryota;Stramenopiles;Oomycetes;unclassified;unclassified;unclassified;unclassified
ASV00345;Eukaryota;Stramenopiles;Oomycetes;Peronosporales;Peronosporales_incertae_sedis;Phytophthora;unclassified
ASV00346;Eukaryota;Stramenopiles;Oomycetes;Pythiales;Pythiaceae;Pythium;unclassified
ASV00347;Eukaryota;Stramenopiles;Oomycetes;Pythiales;Pythiaceae;Pythium;unclassified
ASV00348;Eukaryota;Stramenopiles;Oomycetes;unclassified;unclassified;unclassified;unclassified
ASV00349;Eukaryota;Stramenopiles;Oomycetes;unclassified;unclassified;unclassified;unclassified
ASV00350;Eukaryota;Stramenopiles;Oomycetes;Pythiales;Pythiaceae;Pythium;Pythium_kandovanense
ASV00351;Eukaryota;Stramenopiles;Oomycetes;unclassified;unclassified;unclassified;unclassified
ASV00352;Eukaryota;Stramenopiles;Oomycetes;Saprolegniales;Saprolegniaceae;unclassified;unclassified
ASV00353;Eukaryota;Stramenopiles;Oomycetes;unclassified;unclassified;unclassified;unclassified
ASV00354;Eukaryota;Stramenopiles;Oomycetes;Pythiales;Pythiaceae;Pythium;unclassified
ASV00355;Eukaryota;Stramenopiles;Oomycetes;Pythiales;Pythiaceae;Pythium;unclassified
ASV00356;Eukaryota;Stramenopiles;Oomycetes;Pythiales;Pythiaceae;Pythium;Pythium_kandovanense
ASV00357;Eukaryota;Stramenopiles;unclassified;unclassified;unclassified;unclassified;unclassified
ASV00358;Eukaryota;Stramenopiles;Oomycetes;unclassified;unclassified;unclassified;unclassified
ASV00359;Eukaryota;Stramenopiles;Oomycetes;Pythiales;Pythiaceae;Pythium;Pythium_kandovanense
ASV00360;Eukaryota;Stramenopiles;Oomycetes;Pythiales;Pythiaceae;Pythium;Pythium_rostratum
ASV00361;Eukaryota;Stramenopiles;Oomycetes;Peronosporales;Peronosporaceae;unclassified;unclassified
ASV00362;Eukaryota;Stramenopiles;Oomycetes;Pythiales;Pythiaceae;Pythium;unclassified
ASV00363;Eukaryota;Stramenopiles;Oomycetes;Saprolegniales;Saprolegniaceae;Saprolegnia;Saprolegnia_ferax
ASV00364;Eukaryota;Stramenopiles;Oomycetes;Pythiales;Pythiaceae;Pythium;Pythium_kandovanense
ASV00365;Eukaryota;Stramenopiles;Oomycetes;Saprolegniales;Saprolegniaceae;unclassified;unclassified
ASV00366;Eukaryota;Stramenopiles;Oomycetes;Pythiales;Pythiaceae;Pythium;Pythium_kandovanense
ASV00367;Eukaryota;Stramenopiles;Oomycetes;Pythiales;Pythiaceae;Pythium;unclassified
ASV00368;Eukaryota;Stramenopiles;Oomycetes;Pythiales;Pythiaceae;Pythium;Pythium_heterothallicum
ASV00369;Eukaryota;Stramenopiles;Oomycetes;unclassified;unclassified;unclassified;unclassified
ASV00370;Eukaryota;Stramenopiles;Oomycetes;unclassified;unclassified;unclassified;unclassified
ASV00371;Eukaryota;Stramenopiles;Oomycetes;Pythiales;Pythiaceae;Pythium;Pythium_heterothallicum
ASV00372;Eukaryota;Stramenopiles;Oomycetes;unclassified;unclassified;unclassified;unclassified
ASV00373;Eukaryota;Stramenopiles;Oomycetes;Albuginales;Albuginaceae;Albugo;Albugo_candida
ASV00374;Eukaryota;Stramenopiles;Oomycetes;unclassified;unclassified;unclassified;unclassified
ASV00375;Eukaryota;Stramenopiles;unclassified;unclassified;unclassified;unclassified;unclassified
ASV00376;Eukaryota;Stramenopiles;Oomycetes;unclassified;unclassified;unclassified;unclassified
ASV00377;Eukaryota;Stramenopiles;Oomycetes;Pythiales;Pythiaceae;Pythium;unclassified
ASV00378;Eukaryota;Stramenopiles;Oomycetes;unclassified;unclassified;unclassified;unclassified
ASV00379;Eukaryota;Stramenopiles;Oomycetes;Pythiales;Pythiaceae;Pythium;unclassified
ASV00380;Eukaryota;Stramenopiles;Oomycetes;unclassified;unclassified;unclassified;unclassified
ASV00381;Eukaryota;Stramenopiles;Oomycetes;unclassified;unclassified;unclassified;unclassified
ASV00382;Eukaryota;Stramenopiles;Oomycetes;unclassified;unclassified;unclassified;unclassified
ASV00383;Eukaryota;Stramenopiles;Oomycetes;Pythiales;Pythiaceae;Pythium;Pythium_kandovanense
ASV00384;Eukaryota;Stramenopiles;Oomycetes;Pythiales;Pythiaceae;Pythium;unclassified
ASV00385;Eukaryota;Stramenopiles;Oomycetes;unclassified;unclassified;unclassified;unclassified
ASV00386;Eukaryota;Stramenopiles;Oomycetes;unclassified;unclassified;unclassified;unclassified
ASV00387;Eukaryota;Stramenopiles;Oomycetes;Pythiales;Pythiaceae;Pythium;Pythium_rostratum
ASV00388;Eukaryota;Stramenopiles;Oomycetes;Pythiales;Pythiaceae;Pythium;unclassified
ASV00389;Eukaryota;Stramenopiles;Oomycetes;Pythiales;Pythiaceae;Pythium;unclassified
ASV00390;Eukaryota;Stramenopiles;unclassified;unclassified;unclassified;unclassified;unclassified
ASV00391;Eukaryota;Stramenopiles;Oomycetes;Pythiales;Pythiaceae;Pythium;unclassified
ASV00392;Eukaryota;Stramenopiles;Oomycetes;Saprolegniales;Saprolegniaceae;unclassified;unclassified
ASV00393;Eukaryota;Stramenopiles;Oomycetes;unclassified;unclassified;unclassified;unclassified
ASV00394;Eukaryota;Stramenopiles;Oomycetes;unclassified;unclassified;unclassified;unclassified
ASV00395;Eukaryota;Stramenopiles;Oomycetes;unclassified;unclassified;unclassified;unclassified
ASV00396;Eukaryota;Stramenopiles;Oomycetes;Pythiales;Pythiaceae;Pythium;unclassified
ASV00397;Eukaryota;Stramenopiles;Oomycetes;unclassified;unclassified;unclassified;unclassified
ASV00398;Eukaryota;Stramenopiles;Oomycetes;Pythiales;Pythiaceae;Pythium;unclassified
ASV00399;Eukaryota;Stramenopiles;Oomycetes;Albuginales;Albuginaceae;Albugo;Albugo_candida
ASV00400;Eukaryota;Stramenopiles;unclassified;unclassified;unclassified;unclassified;unclassified
ASV00401;Eukaryota;Stramenopiles;Oomycetes;unclassified;unclassified;unclassified;unclassified
ASV00402;Eukaryota;Stramenopiles;Oomycetes;unclassified;unclassified;unclassified;unclassified
ASV00403;Eukaryota;Stramenopiles;Oomycetes;Pythiales;Pythiaceae;Pythium;unclassified
ASV00404;Eukaryota;Stramenopiles;Oomycetes;Saprolegniales;Saprolegniaceae;unclassified;unclassified
ASV00405;Eukaryota;Stramenopiles;Oomycetes;Pythiales;Pythiaceae;Pythium;unclassified
ASV00406;Eukaryota;Stramenopiles;Oomycetes;Pythiales;Pythiaceae;Pythium;unclassified
ASV00407;Eukaryota;Stramenopiles;Oomycetes;Pythiales;Pythiaceae;Pythium;unclassified
ASV00408;Eukaryota;Stramenopiles;Oomycetes;unclassified;unclassified;unclassified;unclassified
ASV00409;Eukaryota;Stramenopiles;Oomycetes;Pythiales;Pythiaceae;Pythium;unclassified
ASV00410;Eukaryota;Stramenopiles;Oomycetes;unclassified;unclassified;unclassified;unclassified
ASV00411;Eukaryota;Stramenopiles;unclassified;unclassified;unclassified;unclassified;unclassified
ASV00412;Eukaryota;Stramenopiles;Oomycetes;unclassified;unclassified;unclassified;unclassified
ASV00413;Eukaryota;Stramenopiles;Oomycetes;unclassified;unclassified;unclassified;unclassified
ASV00414;Eukaryota;Stramenopiles;Oomycetes;unclassified;unclassified;unclassified;unclassified
ASV00415;Eukaryota;Stramenopiles;Oomycetes;Pythiales;Pythiaceae;Pythium;unclassified
ASV00416;Eukaryota;Stramenopiles;Oomycetes;Pythiales;Pythiaceae;Pythium;Pythium_kandovanense
ASV00417;Eukaryota;Stramenopiles;Oomycetes;Pythiales;Pythiaceae;Pythium;unclassified
ASV00418;Eukaryota;Stramenopiles;Oomycetes;unclassified;unclassified;unclassified;unclassified
ASV00419;Eukaryota;Stramenopiles;Oomycetes;unclassified;unclassified;unclassified;unclassified
ASV00420;Eukaryota;Stramenopiles;Oomycetes;unclassified;unclassified;unclassified;unclassified
ASV00421;Eukaryota;Stramenopiles;Oomycetes;Pythiales;Pythiaceae;Pythium;unclassified
ASV00422;Eukaryota;Stramenopiles;Oomycetes;unclassified;unclassified;unclassified;unclassified
ASV00423;Eukaryota;Stramenopiles;Oomycetes;unclassified;unclassified;unclassified;unclassified
ASV00424;Eukaryota;Stramenopiles;Oomycetes;Albuginales;Albuginaceae;unclassified;unclassified
ASV00425;Eukaryota;Stramenopiles;Oomycetes;Pythiales;Pythiaceae;Pythium;unclassified
ASV00426;Eukaryota;Stramenopiles;Oomycetes;unclassified;unclassified;unclassified;unclassified
ASV00427;Eukaryota;Stramenopiles;unclassified;unclassified;unclassified;unclassified;unclassified
ASV00428;Eukaryota;Stramenopiles;Oomycetes;unclassified;unclassified;unclassified;unclassified
ASV00429;Eukaryota;Stramenopiles;Oomycetes;Peronosporales;Peronosporaceae;unclassified;unclassified
ASV00430;Eukaryota;Stramenopiles;Oomycetes;unclassified;unclassified;unclassified;unclassified
ASV00431;Eukaryota;Stramenopiles;Oomycetes;Peronosporales;Peronosporaceae;unclassified;unclassified
ASV00432;Eukaryota;Stramenopiles;Oomycetes;unclassified;unclassified;unclassified;unclassified
ASV00433;Eukaryota;Stramenopiles;Oomycetes;unclassified;unclassified;unclassified;unclassified
ASV00434;Eukaryota;Stramenopiles;Oomycetes;Albuginales;Albuginaceae;Albugo;Albugo_candida
ASV00435;Eukaryota;Stramenopiles;Oomycetes;Pythiales;Pythiaceae;Pythium;unclassified
ASV00436;Eukaryota;Stramenopiles;Oomycetes;unclassified;unclassified;unclassified;unclassified
ASV00437;Eukaryota;Stramenopiles;Oomycetes;unclassified;unclassified;unclassified;unclassified
ASV00438;Eukaryota;Stramenopiles;Oomycetes;Saprolegniales;Saprolegniaceae;unclassified;unclassified
ASV00439;Eukaryota;Stramenopiles;unclassified;unclassified;unclassified;unclassified;unclassified
ASV00440;Eukaryota;Stramenopiles;Oomycetes;unclassified;unclassified;unclassified;unclassified
ASV00441;Eukaryota;Stramenopiles;Oomycetes;Pythiales;Pythiaceae;Pythium;unclassified
ASV00442;Eukaryota;Stramenopiles;Oomycetes;unclassified;unclassified;unclassified;unclassified
ASV00443;Eukaryota;Stramenopiles;Oomycetes;unclassified;unclassified;unclassified;unclassified
ASV00444;Eukaryota;Stramenopiles;Oomycetes;unclassified;unclassified;unclassified;unclassified
ASV00445;Eukaryota;Stramenopiles;Oomycetes;Peronosporales;Peronosporaceae;unclassified;unclassified
ASV00446;Eukaryota;Stramenopiles;Oomycetes;unclassified;unclassified;unclassified;unclassified
ASV00447;Eukaryota;Stramenopiles;Oomycetes;Pythiales;Pythiaceae;Pythium;unclassified
ASV00448;Eukaryota;Stramenopiles;Oomycetes;Pythiales;Pythiaceae;Halophytophthora;Halophytophthora_sp._YJC-2014
ASV00449;Eukaryota;Stramenopiles;Oomycetes;unclassified;unclassified;unclassified;unclassified
ASV00450;Eukaryota;Stramenopiles;Oomycetes;unclassified;unclassified;unclassified;unclassified
ASV00451;Eukaryota;Stramenopiles;Oomycetes;unclassified;unclassified;unclassified;unclassified
ASV00452;Eukaryota;Stramenopiles;Oomycetes;unclassified;unclassified;unclassified;unclassified
ASV00453;Eukaryota;Stramenopiles;Oomycetes;Pythiales;Pythiaceae;Pythium;unclassified
ASV00454;Eukaryota;Stramenopiles;Oomycetes;Pythiales;Pythiaceae;Pythium;unclassified
ASV00455;Eukaryota;Stramenopiles;Oomycetes;Pythiales;Pythiaceae;Pythium;unclassified
ASV00456;Eukaryota;Stramenopiles;Oomycetes;unclassified;unclassified;unclassified;unclassified
ASV00457;Eukaryota;Stramenopiles;Oomycetes;Peronosporales;Peronosporaceae;Hyaloperonospora;Hyaloperonospora_nasturtii-aquatici
ASV00458;Eukaryota;Stramenopiles;Oomycetes;unclassified;unclassified;unclassified;unclassified
ASV00459;Eukaryota;Stramenopiles;Oomycetes;Pythiales;Pythiaceae;Pythium;unclassified
ASV00460;Eukaryota;Stramenopiles;Oomycetes;unclassified;unclassified;unclassified;unclassified
ASV00461;Eukaryota;Stramenopiles;Oomycetes;Pythiales;Pythiaceae;Pythium;unclassified
ASV00462;Eukaryota;Stramenopiles;Oomycetes;Pythiales;Pythiaceae;Pythium;unclassified
ASV00463;Eukaryota;Stramenopiles;Oomycetes;Peronosporales;Peronosporales_incertae_sedis;Phytophthora;unclassified
ASV00464;Eukaryota;Stramenopiles;Oomycetes;unclassified;unclassified;unclassified;unclassified
ASV00465;Eukaryota;Stramenopiles;Oomycetes;unclassified;unclassified;unclassified;unclassified
ASV00466;Eukaryota;Stramenopiles;Oomycetes;Pythiales;Pythiaceae;Pythium;Pythium_attrantheridium
ASV00467;Eukaryota;Stramenopiles;Oomycetes;unclassified;unclassified;unclassified;unclassified
ASV00468;Eukaryota;Stramenopiles;Oomycetes;Pythiales;Pythiaceae;Pythium;unclassified
ASV00469;Eukaryota;Stramenopiles;Oomycetes;Pythiales;Pythiaceae;Pythium;unclassified
ASV00470;Eukaryota;Stramenopiles;Oomycetes;Pythiales;Pythiaceae;Pythium;Pythium_rostratifingens
ASV00471;Eukaryota;Stramenopiles;Oomycetes;unclassified;unclassified;unclassified;unclassified
ASV00472;Eukaryota;Stramenopiles;Oomycetes;Pythiales;Pythiaceae;Pythium;Pythium_rostratum
ASV00473;Eukaryota;Stramenopiles;Oomycetes;unclassified;unclassified;unclassified;unclassified
ASV00474;Eukaryota;Stramenopiles;Oomycetes;unclassified;unclassified;unclassified;unclassified
ASV00475;Eukaryota;Stramenopiles;Oomycetes;unclassified;unclassified;unclassified;unclassified
ASV00476;Eukaryota;Stramenopiles;Oomycetes;unclassified;unclassified;unclassified;unclassified
ASV00477;Eukaryota;Stramenopiles;Oomycetes;unclassified;unclassified;unclassified;unclassified
ASV00478;Eukaryota;Stramenopiles;Oomycetes;unclassified;unclassified;unclassified;unclassified
ASV00479;Eukaryota;Stramenopiles;Oomycetes;unclassified;unclassified;unclassified;unclassified
ASV00480;Eukaryota;Stramenopiles;Oomycetes;Pythiales;Pythiaceae;Pythium;unclassified
ASV00481;Eukaryota;Stramenopiles;Oomycetes;Pythiales;Pythiaceae;Pythium;Pythium_kandovanense
ASV00482;Eukaryota;Stramenopiles;Oomycetes;Peronosporales;unclassified;unclassified;unclassified
ASV00483;Eukaryota;Stramenopiles;unclassified;unclassified;unclassified;unclassified;unclassified
ASV00484;Eukaryota;Stramenopiles;Oomycetes;unclassified;unclassified;unclassified;unclassified
ASV00485;Eukaryota;Stramenopiles;Oomycetes;unclassified;unclassified;unclassified;unclassified
ASV00486;Eukaryota;Stramenopiles;Oomycetes;unclassified;unclassified;unclassified;unclassified
ASV00487;Eukaryota;Stramenopiles;Oomycetes;Saprolegniales;Saprolegniaceae;unclassified;unclassified
ASV00488;Eukaryota;Stramenopiles;Oomycetes;unclassified;unclassified;unclassified;unclassified
ASV00489;Eukaryota;Stramenopiles;Oomycetes;unclassified;unclassified;unclassified;unclassified
ASV00490;Eukaryota;Stramenopiles;Oomycetes;unclassified;unclassified;unclassified;unclassified
ASV00491;Eukaryota;Stramenopiles;Oomycetes;Peronosporales;Peronosporaceae;unclassified;unclassified
ASV00492;Eukaryota;Stramenopiles;Oomycetes;unclassified;unclassified;unclassified;unclassified
ASV00493;Eukaryota;Stramenopiles;unclassified;unclassified;unclassified;unclassified;unclassified
ASV00494;Eukaryota;Stramenopiles;Oomycetes;unclassified;unclassified;unclassified;unclassified
ASV00495;Eukaryota;Stramenopiles;unclassified;unclassified;unclassified;unclassified;unclassified
ASV00496;Eukaryota;Stramenopiles;Oomycetes;Peronosporales;unclassified;unclassified;unclassified
ASV00497;Eukaryota;Stramenopiles;Oomycetes;unclassified;unclassified;unclassified;unclassified
ASV00498;Eukaryota;Stramenopiles;Oomycetes;unclassified;unclassified;unclassified;unclassified
ASV00499;Eukaryota;Stramenopiles;Oomycetes;unclassified;unclassified;unclassified;unclassified
ASV00500;Eukaryota;Stramenopiles;Oomycetes;Pythiales;Pythiaceae;Pythium;Pythium_intermedium
ASV00501;Eukaryota;Stramenopiles;Oomycetes;Pythiales;Pythiaceae;Pythium;Pythium_heterothallicum
ASV00502;Eukaryota;Stramenopiles;Oomycetes;unclassified;unclassified;unclassified;unclassified
ASV00503;Eukaryota;Stramenopiles;Oomycetes;unclassified;unclassified;unclassified;unclassified
ASV00504;Eukaryota;Stramenopiles;Oomycetes;Peronosporales;Peronosporaceae;unclassified;unclassified
ASV00505;Eukaryota;Stramenopiles;Oomycetes;Pythiales;Pythiaceae;Pythium;Pythium_kandovanense
ASV00506;Eukaryota;Stramenopiles;Oomycetes;unclassified;unclassified;unclassified;unclassified
ASV00507;Eukaryota;Stramenopiles;unclassified;unclassified;unclassified;unclassified;unclassified
ASV00508;Eukaryota;Stramenopiles;Oomycetes;unclassified;unclassified;unclassified;unclassified
ASV00509;Eukaryota;Stramenopiles;Oomycetes;unclassified;unclassified;unclassified;unclassified
ASV00510;Eukaryota;Stramenopiles;Oomycetes;Peronosporales;unclassified;unclassified;unclassified
ASV00511;Eukaryota;Stramenopiles;Oomycetes;Pythiales;Pythiaceae;Pythium;Pythium_attrantheridium
ASV00512;Eukaryota;Stramenopiles;Oomycetes;Pythiales;Pythiaceae;Pythium;Pythium_kandovanense
ASV00513;Eukaryota;Stramenopiles;Oomycetes;unclassified;unclassified;unclassified;unclassified
ASV00514;Eukaryota;Stramenopiles;Oomycetes;unclassified;unclassified;unclassified;unclassified
ASV00515;Eukaryota;Stramenopiles;Oomycetes;Pythiales;Pythiaceae;Pythium;unclassified
ASV00516;Eukaryota;Stramenopiles;Oomycetes;Pythiales;Pythiaceae;Pythium;unclassified
ASV00517;Eukaryota;Stramenopiles;Oomycetes;unclassified;unclassified;unclassified;unclassified
ASV00518;Eukaryota;Stramenopiles;Oomycetes;Leptomitales;Leptomitales_incertae_sedis;unclassified;unclassified
ASV00519;Eukaryota;Stramenopiles;Oomycetes;Pythiales;Pythiaceae;Pythium;unclassified
ASV00520;Eukaryota;Stramenopiles;Oomycetes;unclassified;unclassified;unclassified;unclassified
ASV00521;Eukaryota;Stramenopiles;Oomycetes;unclassified;unclassified;unclassified;unclassified
ASV00522;Eukaryota;Stramenopiles;Oomycetes;unclassified;unclassified;unclassified;unclassified
ASV00523;Eukaryota;Stramenopiles;Oomycetes;Pythiales;unclassified;unclassified;unclassified
ASV00524;Eukaryota;Stramenopiles;Oomycetes;Pythiales;Pythiaceae;Pythium;Pythium_kandovanense
ASV00525;Eukaryota;Stramenopiles;Oomycetes;Pythiales;Pythiaceae;Pythium;unclassified
ASV00526;Eukaryota;Stramenopiles;Oomycetes;unclassified;unclassified;unclassified;unclassified
ASV00527;Eukaryota;Stramenopiles;Oomycetes;unclassified;unclassified;unclassified;unclassified
ASV00528;Eukaryota;Stramenopiles;Oomycetes;Peronosporales;Peronosporaceae;unclassified;unclassified
ASV00529;Eukaryota;Stramenopiles;Oomycetes;unclassified;unclassified;unclassified;unclassified
ASV00530;Eukaryota;Stramenopiles;Oomycetes;Peronosporales;Peronosporaceae;unclassified;unclassified
ASV00531;Eukaryota;Stramenopiles;unclassified;unclassified;unclassified;unclassified;unclassified
ASV00532;Eukaryota;Stramenopiles;Oomycetes;Pythiales;Pythiaceae;Pythium;Pythium_rostratum
ASV00533;Eukaryota;Stramenopiles;Oomycetes;unclassified;unclassified;unclassified;unclassified
ASV00534;Eukaryota;Stramenopiles;Oomycetes;unclassified;unclassified;unclassified;unclassified
ASV00535;Eukaryota;Stramenopiles;Oomycetes;unclassified;unclassified;unclassified;unclassified
ASV00536;Eukaryota;Stramenopiles;Oomycetes;Pythiales;Pythiaceae;Pythium;unclassified
ASV00537;Eukaryota;Stramenopiles;unclassified;unclassified;unclassified;unclassified;unclassified
ASV00538;Eukaryota;Stramenopiles;Oomycetes;Pythiales;Pythiaceae;Pythium;unclassified
ASV00539;Eukaryota;Stramenopiles;Oomycetes;Pythiales;Pythiaceae;Pythium;unclassified
ASV00540;Eukaryota;Stramenopiles;Oomycetes;Pythiales;Pythiaceae;Pythium;unclassified
ASV00541;Eukaryota;Stramenopiles;Oomycetes;unclassified;unclassified;unclassified;unclassified
ASV00542;Eukaryota;Stramenopiles;unclassified;unclassified;unclassified;unclassified;unclassified
ASV00543;Eukaryota;Stramenopiles;Oomycetes;unclassified;unclassified;unclassified;unclassified
ASV00544;Eukaryota;Stramenopiles;Oomycetes;unclassified;unclassified;unclassified;unclassified
ASV00545;Eukaryota;Stramenopiles;Oomycetes;unclassified;unclassified;unclassified;unclassified
ASV00546;Eukaryota;Stramenopiles;Oomycetes;unclassified;unclassified;unclassified;unclassified
ASV00547;Eukaryota;Stramenopiles;Oomycetes;unclassified;unclassified;unclassified;unclassified
ASV00548;Eukaryota;Stramenopiles;Oomycetes;unclassified;unclassified;unclassified;unclassified
ASV00549;Eukaryota;Stramenopiles;Oomycetes;unclassified;unclassified;unclassified;unclassified
ASV00550;Eukaryota;Stramenopiles;Oomycetes;Pythiales;Pythiaceae;Pythium;unclassified
ASV00551;Eukaryota;Stramenopiles;Oomycetes;unclassified;unclassified;unclassified;unclassified
ASV00552;Eukaryota;Stramenopiles;Oomycetes;unclassified;unclassified;unclassified;unclassified
ASV00553;Eukaryota;Stramenopiles;Oomycetes;unclassified;unclassified;unclassified;unclassified
ASV00554;Eukaryota;Stramenopiles;Oomycetes;Pythiales;Pythiaceae;Pythium;unclassified
ASV00555;Eukaryota;Stramenopiles;Oomycetes;Pythiales;Pythiaceae;Pythium;unclassified
ASV00556;Eukaryota;Stramenopiles;Oomycetes;Pythiales;Pythiaceae;Pythium;unclassified
ASV00557;Eukaryota;Stramenopiles;Oomycetes;Pythiales;Pythiaceae;Pythium;Pythium_intermedium
ASV00558;Eukaryota;Stramenopiles;Oomycetes;Pythiales;Pythiaceae;Pythium;unclassified
ASV00559;Eukaryota;Stramenopiles;Oomycetes;unclassified;unclassified;unclassified;unclassified
ASV00560;Eukaryota;Stramenopiles;Oomycetes;unclassified;unclassified;unclassified;unclassified
ASV00561;Eukaryota;Stramenopiles;Oomycetes;unclassified;unclassified;unclassified;unclassified
ASV00562;Eukaryota;Stramenopiles;Oomycetes;unclassified;unclassified;unclassified;unclassified
ASV00563;Eukaryota;Stramenopiles;Oomycetes;unclassified;unclassified;unclassified;unclassified
ASV00564;Eukaryota;Stramenopiles;unclassified;unclassified;unclassified;unclassified;unclassified
ASV00565;Eukaryota;Stramenopiles;Oomycetes;unclassified;unclassified;unclassified;unclassified
ASV00566;Eukaryota;Stramenopiles;Oomycetes;unclassified;unclassified;unclassified;unclassified
ASV00567;Eukaryota;Stramenopiles;Oomycetes;Pythiales;Pythiaceae;Pythium;unclassified
ASV00568;Eukaryota;Stramenopiles;Oomycetes;unclassified;unclassified;unclassified;unclassified
ASV00569;Eukaryota;Stramenopiles;Oomycetes;Peronosporales;Peronosporaceae;unclassified;unclassified
ASV00570;Eukaryota;Stramenopiles;Oomycetes;unclassified;unclassified;unclassified;unclassified
ASV00571;Eukaryota;Stramenopiles;Oomycetes;Pythiales;Pythiaceae;Pythium;unclassified
ASV00572;Eukaryota;Stramenopiles;Oomycetes;unclassified;unclassified;unclassified;unclassified
ASV00573;Eukaryota;Stramenopiles;Oomycetes;unclassified;unclassified;unclassified;unclassified
ASV00574;Eukaryota;Stramenopiles;Oomycetes;unclassified;unclassified;unclassified;unclassified
ASV00575;Eukaryota;Stramenopiles;Oomycetes;unclassified;unclassified;unclassified;unclassified
ASV00576;Eukaryota;Stramenopiles;Oomycetes;Pythiales;Pythiaceae;Pythium;unclassified
ASV00577;Eukaryota;Stramenopiles;Oomycetes;Pythiales;Pythiaceae;Pythium;unclassified
ASV00578;Eukaryota;Stramenopiles;Oomycetes;unclassified;unclassified;unclassified;unclassified
ASV00579;Eukaryota;Stramenopiles;Oomycetes;unclassified;unclassified;unclassified;unclassified
ASV00580;Eukaryota;Stramenopiles;Oomycetes;Pythiales;Pythiaceae;Pythium;unclassified
ASV00581;Eukaryota;Stramenopiles;Oomycetes;Pythiales;Pythiaceae;Pythium;unclassified
ASV00582;Eukaryota;Stramenopiles;Oomycetes;unclassified;unclassified;unclassified;unclassified
ASV00583;Eukaryota;Stramenopiles;Oomycetes;Pythiales;Pythiaceae;Pythium;unclassified
ASV00584;Eukaryota;Stramenopiles;Oomycetes;unclassified;unclassified;unclassified;unclassified
ASV00585;Eukaryota;Stramenopiles;Oomycetes;unclassified;unclassified;unclassified;unclassified
ASV00586;Eukaryota;Stramenopiles;Oomycetes;Saprolegniales;Saprolegniaceae;unclassified;unclassified
ASV00587;Eukaryota;Stramenopiles;Oomycetes;unclassified;unclassified;unclassified;unclassified
ASV00588;Eukaryota;Stramenopiles;Oomycetes;unclassified;unclassified;unclassified;unclassified
ASV00589;Eukaryota;Stramenopiles;Oomycetes;Pythiales;Pythiaceae;Pythium;unclassified
ASV00590;Eukaryota;Stramenopiles;Oomycetes;unclassified;unclassified;unclassified;unclassified
ASV00591;Eukaryota;Stramenopiles;unclassified;unclassified;unclassified;unclassified;unclassified
ASV00592;Eukaryota;Stramenopiles;Oomycetes;unclassified;unclassified;unclassified;unclassified
ASV00593;Eukaryota;Stramenopiles;Oomycetes;unclassified;unclassified;unclassified;unclassified
ASV00594;Eukaryota;Stramenopiles;Oomycetes;unclassified;unclassified;unclassified;unclassified
ASV00595;Eukaryota;Stramenopiles;Oomycetes;unclassified;unclassified;unclassified;unclassified
ASV00596;Eukaryota;Stramenopiles;Oomycetes;unclassified;unclassified;unclassified;unclassified
ASV00597;Eukaryota;Stramenopiles;Oomycetes;unclassified;unclassified;unclassified;unclassified
ASV00598;Eukaryota;Stramenopiles;Oomycetes;Pythiales;Pythiaceae;Pythium;unclassified
ASV00599;Eukaryota;Stramenopiles;Oomycetes;unclassified;unclassified;unclassified;unclassified
ASV00600;Eukaryota;Stramenopiles;Oomycetes;unclassified;unclassified;unclassified;unclassified
ASV00601;Eukaryota;Stramenopiles;Oomycetes;unclassified;unclassified;unclassified;unclassified
ASV00602;Eukaryota;Stramenopiles;Oomycetes;Peronosporales;Peronosporaceae;unclassified;unclassified
ASV00603;Eukaryota;Stramenopiles;Oomycetes;unclassified;unclassified;unclassified;unclassified
ASV00604;Eukaryota;Stramenopiles;Oomycetes;unclassified;unclassified;unclassified;unclassified
ASV00605;Eukaryota;Stramenopiles;Oomycetes;unclassified;unclassified;unclassified;unclassified
ASV00606;Eukaryota;Stramenopiles;Oomycetes;unclassified;unclassified;unclassified;unclassified
ASV00607;Eukaryota;Stramenopiles;Oomycetes;unclassified;unclassified;unclassified;unclassified
ASV00608;Eukaryota;Stramenopiles;Oomycetes;unclassified;unclassified;unclassified;unclassified
ASV00609;Eukaryota;Stramenopiles;Oomycetes;unclassified;unclassified;unclassified;unclassified
ASV00610;Eukaryota;Stramenopiles;Oomycetes;Pythiales;Pythiaceae;Pythium;unclassified
ASV00611;Eukaryota;Stramenopiles;Oomycetes;Pythiales;Pythiaceae;Pythium;Pythium_kandovanense
ASV00612;Eukaryota;Stramenopiles;Oomycetes;unclassified;unclassified;unclassified;unclassified
ASV00613;Eukaryota;Stramenopiles;Oomycetes;unclassified;unclassified;unclassified;unclassified
ASV00614;Eukaryota;Stramenopiles;Oomycetes;unclassified;unclassified;unclassified;unclassified
ASV00615;Eukaryota;Stramenopiles;Oomycetes;unclassified;unclassified;unclassified;unclassified
ASV00616;Eukaryota;Stramenopiles;Oomycetes;unclassified;unclassified;unclassified;unclassified
ASV00617;Eukaryota;Stramenopiles;Oomycetes;unclassified;unclassified;unclassified;unclassified
ASV00618;Eukaryota;Stramenopiles;Oomycetes;unclassified;unclassified;unclassified;unclassified
ASV00619;Eukaryota;Stramenopiles;Oomycetes;Peronosporales;Peronosporaceae;unclassified;unclassified
ASV00620;Eukaryota;Stramenopiles;Oomycetes;unclassified;unclassified;unclassified;unclassified
ASV00621;Eukaryota;Stramenopiles;Oomycetes;Saprolegniales;Saprolegniaceae;unclassified;unclassified
ASV00622;Eukaryota;Stramenopiles;Oomycetes;unclassified;unclassified;unclassified;unclassified
ASV00623;Eukaryota;Stramenopiles;Oomycetes;unclassified;unclassified;unclassified;unclassified
ASV00624;Eukaryota;Stramenopiles;Oomycetes;unclassified;unclassified;unclassified;unclassified
ASV00625;Eukaryota;Stramenopiles;Oomycetes;unclassified;unclassified;unclassified;unclassified
ASV00626;Eukaryota;Stramenopiles;Oomycetes;unclassified;unclassified;unclassified;unclassified
ASV00627;Eukaryota;Stramenopiles;Oomycetes;unclassified;unclassified;unclassified;unclassified
ASV00628;Eukaryota;Stramenopiles;Oomycetes;unclassified;unclassified;unclassified;unclassified
ASV00629;Eukaryota;Stramenopiles;Oomycetes;Pythiales;Pythiaceae;Pythium;Pythium_kandovanense
ASV00630;Eukaryota;Stramenopiles;Oomycetes;unclassified;unclassified;unclassified;unclassified
ASV00631;Eukaryota;Stramenopiles;Oomycetes;unclassified;unclassified;unclassified;unclassified
ASV00632;Eukaryota;Stramenopiles;Oomycetes;unclassified;unclassified;unclassified;unclassified
ASV00633;Eukaryota;Stramenopiles;Oomycetes;unclassified;unclassified;unclassified;unclassified
ASV00634;Eukaryota;Stramenopiles;Oomycetes;Peronosporales;unclassified;unclassified;unclassified
ASV00635;Eukaryota;Stramenopiles;Oomycetes;unclassified;unclassified;unclassified;unclassified
ASV00636;Eukaryota;Stramenopiles;Oomycetes;unclassified;unclassified;unclassified;unclassified
ASV00637;Eukaryota;Stramenopiles;Oomycetes;Pythiales;Pythiaceae;Pythium;unclassified
ASV00638;Eukaryota;Stramenopiles;Oomycetes;Pythiales;Pythiaceae;Pythium;Pythium_intermedium
ASV00639;Eukaryota;Stramenopiles;Oomycetes;Saprolegniales;Saprolegniaceae;unclassified;unclassified
ASV00640;Eukaryota;Stramenopiles;Oomycetes;unclassified;unclassified;unclassified;unclassified
ASV00641;Eukaryota;Stramenopiles;Oomycetes;unclassified;unclassified;unclassified;unclassified
ASV00642;Eukaryota;Stramenopiles;Oomycetes;unclassified;unclassified;unclassified;unclassified
ASV00643;Eukaryota;Stramenopiles;Oomycetes;unclassified;unclassified;unclassified;unclassified
ASV00644;Eukaryota;Stramenopiles;Oomycetes;unclassified;unclassified;unclassified;unclassified
ASV00645;Eukaryota;Stramenopiles;Oomycetes;Pythiales;Pythiaceae;Pythium;Pythium_kandovanense
ASV00646;Eukaryota;Stramenopiles;Oomycetes;unclassified;unclassified;unclassified;unclassified
ASV00647;Eukaryota;Stramenopiles;Oomycetes;unclassified;unclassified;unclassified;unclassified
ASV00648;Eukaryota;Stramenopiles;Hyphochytriomycetes;Hyphochytriomycetes_Class_Incertae_sedis;Hyphochytriaceae;Hyphochytrium;Hyphochytrium_catenoides
ASV00649;Eukaryota;Stramenopiles;Oomycetes;Pythiales;Pythiaceae;Pythium;unclassified
ASV00650;Eukaryota;Stramenopiles;Oomycetes;unclassified;unclassified;unclassified;unclassified
ASV00651;Eukaryota;Stramenopiles;Oomycetes;Albuginales;Albuginaceae;unclassified;unclassified
ASV00652;Eukaryota;Stramenopiles;Oomycetes;unclassified;unclassified;unclassified;unclassified
ASV00653;Eukaryota;Stramenopiles;Oomycetes;unclassified;unclassified;unclassified;unclassified
ASV00654;Eukaryota;Stramenopiles;Oomycetes;unclassified;unclassified;unclassified;unclassified
ASV00655;Eukaryota;Stramenopiles;unclassified;unclassified;unclassified;unclassified;unclassified
ASV00656;Eukaryota;Stramenopiles;Oomycetes;unclassified;unclassified;unclassified;unclassified
ASV00657;Eukaryota;Stramenopiles;Oomycetes;unclassified;unclassified;unclassified;unclassified
ASV00658;Eukaryota;Stramenopiles;Oomycetes;Peronosporales;unclassified;unclassified;unclassified
ASV00659;Eukaryota;Stramenopiles;Oomycetes;Pythiales;Pythiaceae;Pythium;unclassified
ASV00660;Eukaryota;Stramenopiles;Oomycetes;unclassified;unclassified;unclassified;unclassified
ASV00661;Eukaryota;Stramenopiles;Oomycetes;Albuginales;Albuginaceae;Albugo;Albugo_candida
ASV00662;Eukaryota;Stramenopiles;Oomycetes;unclassified;unclassified;unclassified;unclassified
ASV00663;Eukaryota;Stramenopiles;Oomycetes;Pythiales;Pythiaceae;Pythium;unclassified
ASV00664;Eukaryota;Stramenopiles;Oomycetes;unclassified;unclassified;unclassified;unclassified
ASV00665;Eukaryota;Stramenopiles;Oomycetes;unclassified;unclassified;unclassified;unclassified
ASV00666;Eukaryota;Stramenopiles;Oomycetes;unclassified;unclassified;unclassified;unclassified
ASV00667;Eukaryota;Stramenopiles;Oomycetes;unclassified;unclassified;unclassified;unclassified
ASV00668;Eukaryota;Stramenopiles;Oomycetes;unclassified;unclassified;unclassified;unclassified
ASV00669;Eukaryota;Stramenopiles;Oomycetes;unclassified;unclassified;unclassified;unclassified
ASV00670;Eukaryota;Stramenopiles;Oomycetes;unclassified;unclassified;unclassified;unclassified
ASV00671;Eukaryota;Stramenopiles;Oomycetes;unclassified;unclassified;unclassified;unclassified
ASV00672;Eukaryota;Stramenopiles;Oomycetes;Pythiales;Pythiaceae;Pythium;Pythium_intermedium
ASV00673;Eukaryota;Stramenopiles;Oomycetes;Peronosporales;Peronosporaceae;unclassified;unclassified
ASV00674;Eukaryota;Stramenopiles;Oomycetes;unclassified;unclassified;unclassified;unclassified
ASV00675;Eukaryota;Stramenopiles;Oomycetes;unclassified;unclassified;unclassified;unclassified
ASV00676;Eukaryota;Stramenopiles;Oomycetes;Pythiales;Pythiaceae;Pythium;unclassified
ASV00677;Eukaryota;Stramenopiles;Oomycetes;unclassified;unclassified;unclassified;unclassified
ASV00678;Eukaryota;Stramenopiles;Oomycetes;unclassified;unclassified;unclassified;unclassified
ASV00679;Eukaryota;Stramenopiles;Oomycetes;unclassified;unclassified;unclassified;unclassified
ASV00680;Eukaryota;Stramenopiles;Oomycetes;unclassified;unclassified;unclassified;unclassified
ASV00681;Eukaryota;Stramenopiles;Oomycetes;unclassified;unclassified;unclassified;unclassified
ASV00682;Eukaryota;Stramenopiles;Oomycetes;unclassified;unclassified;unclassified;unclassified
ASV00683;Eukaryota;Stramenopiles;Oomycetes;unclassified;unclassified;unclassified;unclassified
ASV00684;Eukaryota;Stramenopiles;Oomycetes;unclassified;unclassified;unclassified;unclassified
ASV00685;Eukaryota;Stramenopiles;Oomycetes;unclassified;unclassified;unclassified;unclassified
ASV00686;Eukaryota;Stramenopiles;Oomycetes;unclassified;unclassified;unclassified;unclassified
ASV00687;Eukaryota;Stramenopiles;Oomycetes;Peronosporales;Peronosporaceae;unclassified;unclassified
ASV00688;Eukaryota;Stramenopiles;Oomycetes;unclassified;unclassified;unclassified;unclassified
ASV00689;Eukaryota;Stramenopiles;Oomycetes;unclassified;unclassified;unclassified;unclassified
ASV00690;Eukaryota;Stramenopiles;Oomycetes;unclassified;unclassified;unclassified;unclassified
ASV00691;Eukaryota;Stramenopiles;Oomycetes;Peronosporales;unclassified;unclassified;unclassified
ASV00692;Eukaryota;Stramenopiles;Oomycetes;Saprolegniales;Saprolegniaceae;unclassified;unclassified
ASV00693;Eukaryota;Stramenopiles;Oomycetes;unclassified;unclassified;unclassified;unclassified
ASV00694;Eukaryota;Stramenopiles;Oomycetes;unclassified;unclassified;unclassified;unclassified
ASV00695;Eukaryota;Stramenopiles;Oomycetes;unclassified;unclassified;unclassified;unclassified
ASV00696;Eukaryota;Stramenopiles;Oomycetes;unclassified;unclassified;unclassified;unclassified
ASV00697;Eukaryota;Stramenopiles;Oomycetes;unclassified;unclassified;unclassified;unclassified
ASV00698;Eukaryota;Stramenopiles;Oomycetes;unclassified;unclassified;unclassified;unclassified
ASV00699;Eukaryota;Stramenopiles;Oomycetes;unclassified;unclassified;unclassified;unclassified
ASV00700;Eukaryota;Stramenopiles;Oomycetes;unclassified;unclassified;unclassified;unclassified
ASV00701;Eukaryota;Stramenopiles;Oomycetes;unclassified;unclassified;unclassified;unclassified
ASV00702;Eukaryota;Stramenopiles;unclassified;unclassified;unclassified;unclassified;unclassified
ASV00703;Eukaryota;Stramenopiles;Oomycetes;unclassified;unclassified;unclassified;unclassified
ASV00704;Eukaryota;Stramenopiles;Oomycetes;unclassified;unclassified;unclassified;unclassified
ASV00705;Eukaryota;Stramenopiles;Oomycetes;unclassified;unclassified;unclassified;unclassified
ASV00706;Eukaryota;Stramenopiles;Oomycetes;unclassified;unclassified;unclassified;unclassified
ASV00707;Eukaryota;Stramenopiles;Oomycetes;unclassified;unclassified;unclassified;unclassified
ASV00708;Eukaryota;Stramenopiles;Oomycetes;unclassified;unclassified;unclassified;unclassified
ASV00709;Eukaryota;Stramenopiles;Oomycetes;Saprolegniales;Saprolegniaceae;unclassified;unclassified
ASV00710;Eukaryota;Stramenopiles;Oomycetes;unclassified;unclassified;unclassified;unclassified
ASV00711;Eukaryota;Stramenopiles;unclassified;unclassified;unclassified;unclassified;unclassified
ASV00712;Eukaryota;Stramenopiles;Oomycetes;unclassified;unclassified;unclassified;unclassified
ASV00713;Eukaryota;Stramenopiles;Oomycetes;unclassified;unclassified;unclassified;unclassified
ASV00714;Eukaryota;Stramenopiles;Oomycetes;Pythiales;Pythiaceae;Pythium;unclassified
ASV00715;Eukaryota;Stramenopiles;Oomycetes;unclassified;unclassified;unclassified;unclassified
ASV00716;Eukaryota;Stramenopiles;Oomycetes;unclassified;unclassified;unclassified;unclassified
ASV00717;Eukaryota;Stramenopiles;Oomycetes;unclassified;unclassified;unclassified;unclassified
ASV00718;Eukaryota;Stramenopiles;Oomycetes;unclassified;unclassified;unclassified;unclassified
ASV00719;Eukaryota;Stramenopiles;Oomycetes;unclassified;unclassified;unclassified;unclassified
ASV00720;Eukaryota;Stramenopiles;Oomycetes;unclassified;unclassified;unclassified;unclassified
ASV00721;Eukaryota;Stramenopiles;Oomycetes;unclassified;unclassified;unclassified;unclassified
ASV00722;Eukaryota;Stramenopiles;Oomycetes;Saprolegniales;Saprolegniaceae;unclassified;unclassified
ASV00723;Eukaryota;Stramenopiles;Oomycetes;unclassified;unclassified;unclassified;unclassified
ASV00724;Eukaryota;Stramenopiles;Oomycetes;unclassified;unclassified;unclassified;unclassified
ASV00725;Eukaryota;Stramenopiles;Oomycetes;Saprolegniales;Saprolegniaceae;unclassified;unclassified
ASV00726;Eukaryota;Stramenopiles;Oomycetes;unclassified;unclassified;unclassified;unclassified
ASV00727;Eukaryota;Stramenopiles;Oomycetes;unclassified;unclassified;unclassified;unclassified
ASV00728;Eukaryota;Stramenopiles;Oomycetes;unclassified;unclassified;unclassified;unclassified
ASV00729;Eukaryota;Stramenopiles;Oomycetes;unclassified;unclassified;unclassified;unclassified
ASV00730;Eukaryota;Stramenopiles;Oomycetes;unclassified;unclassified;unclassified;unclassified
ASV00731;Eukaryota;Stramenopiles;Oomycetes;unclassified;unclassified;unclassified;unclassified
ASV00732;Eukaryota;Stramenopiles;Oomycetes;unclassified;unclassified;unclassified;unclassified
ASV00733;Eukaryota;Stramenopiles;Oomycetes;unclassified;unclassified;unclassified;unclassified
ASV00734;Eukaryota;Stramenopiles;Oomycetes;Saprolegniales;Saprolegniaceae;unclassified;unclassified
ASV00735;Eukaryota;Stramenopiles;Oomycetes;Pythiales;Pythiaceae;Pythium;unclassified
ASV00736;Eukaryota;Stramenopiles;Oomycetes;unclassified;unclassified;unclassified;unclassified
ASV00737;Eukaryota;Stramenopiles;Oomycetes;Peronosporales;unclassified;unclassified;unclassified
ASV00738;Eukaryota;Stramenopiles;Oomycetes;unclassified;unclassified;unclassified;unclassified
ASV00739;Eukaryota;Stramenopiles;Oomycetes;Pythiales;Pythiaceae;Pythium;unclassified
ASV00740;Eukaryota;Stramenopiles;unclassified;unclassified;unclassified;unclassified;unclassified
ASV00741;Eukaryota;Stramenopiles;Oomycetes;unclassified;unclassified;unclassified;unclassified
ASV00742;Eukaryota;Stramenopiles;Oomycetes;unclassified;unclassified;unclassified;unclassified
ASV00743;Eukaryota;Stramenopiles;Oomycetes;unclassified;unclassified;unclassified;unclassified
ASV00744;Eukaryota;Stramenopiles;Oomycetes;Peronosporales;unclassified;unclassified;unclassified
ASV00745;Eukaryota;Stramenopiles;Oomycetes;unclassified;unclassified;unclassified;unclassified
ASV00746;Eukaryota;Stramenopiles;Oomycetes;unclassified;unclassified;unclassified;unclassified
ASV00747;Eukaryota;Stramenopiles;Oomycetes;unclassified;unclassified;unclassified;unclassified
ASV00748;Eukaryota;Stramenopiles;Oomycetes;unclassified;unclassified;unclassified;unclassified
ASV00749;Eukaryota;Stramenopiles;Oomycetes;unclassified;unclassified;unclassified;unclassified
ASV00750;Eukaryota;Stramenopiles;Oomycetes;unclassified;unclassified;unclassified;unclassified
ASV00751;Eukaryota;Stramenopiles;Oomycetes;Saprolegniales;Saprolegniaceae;unclassified;unclassified
ASV00752;Eukaryota;Stramenopiles;Oomycetes;Saprolegniales;Saprolegniaceae;unclassified;unclassified
ASV00753;Eukaryota;Stramenopiles;Oomycetes;unclassified;unclassified;unclassified;unclassified
ASV00754;Eukaryota;Stramenopiles;Oomycetes;unclassified;unclassified;unclassified;unclassified
ASV00755;Eukaryota;Stramenopiles;Oomycetes;Pythiales;Pythiaceae;Pythium;unclassified
ASV00756;Eukaryota;Stramenopiles;Oomycetes;unclassified;unclassified;unclassified;unclassified
ASV00757;Eukaryota;Stramenopiles;Oomycetes;unclassified;unclassified;unclassified;unclassified
ASV00758;Eukaryota;Stramenopiles;Oomycetes;unclassified;unclassified;unclassified;unclassified
ASV00759;Eukaryota;Stramenopiles;Oomycetes;unclassified;unclassified;unclassified;unclassified
ASV00760;Eukaryota;Stramenopiles;Oomycetes;unclassified;unclassified;unclassified;unclassified
ASV00761;Eukaryota;Stramenopiles;Oomycetes;Pythiales;Pythiaceae;Pythium;unclassified
ASV00762;Eukaryota;Stramenopiles;Oomycetes;unclassified;unclassified;unclassified;unclassified
ASV00763;Eukaryota;Stramenopiles;Oomycetes;unclassified;unclassified;unclassified;unclassified
ASV00764;Eukaryota;Stramenopiles;Oomycetes;unclassified;unclassified;unclassified;unclassified
ASV00765;Eukaryota;Stramenopiles;Oomycetes;Peronosporales;Peronosporaceae;unclassified;unclassified
ASV00766;Eukaryota;Stramenopiles;Oomycetes;unclassified;unclassified;unclassified;unclassified
ASV00767;Eukaryota;Stramenopiles;Oomycetes;unclassified;unclassified;unclassified;unclassified
ASV00768;Eukaryota;Stramenopiles;Oomycetes;unclassified;unclassified;unclassified;unclassified
ASV00769;Eukaryota;Stramenopiles;Oomycetes;unclassified;unclassified;unclassified;unclassified
ASV00770;Eukaryota;Stramenopiles;Oomycetes;unclassified;unclassified;unclassified;unclassified
ASV00771;Eukaryota;Stramenopiles;Oomycetes;unclassified;unclassified;unclassified;unclassified
ASV00772;Eukaryota;Stramenopiles;Oomycetes;Peronosporales;Peronosporaceae;unclassified;unclassified
ASV00773;Eukaryota;Stramenopiles;Oomycetes;Pythiales;Pythiaceae;Pythium;unclassified
ASV00774;Eukaryota;Stramenopiles;Oomycetes;unclassified;unclassified;unclassified;unclassified
ASV00775;Eukaryota;Stramenopiles;Oomycetes;Saprolegniales;Saprolegniaceae;unclassified;unclassified
ASV00776;Eukaryota;Stramenopiles;Oomycetes;unclassified;unclassified;unclassified;unclassified
ASV00777;Eukaryota;Stramenopiles;Oomycetes;unclassified;unclassified;unclassified;unclassified
ASV00778;Eukaryota;Stramenopiles;Oomycetes;unclassified;unclassified;unclassified;unclassified
ASV00779;Eukaryota;Stramenopiles;Oomycetes;unclassified;unclassified;unclassified;unclassified
ASV00780;Eukaryota;Stramenopiles;Oomycetes;unclassified;unclassified;unclassified;unclassified
ASV00781;Eukaryota;Stramenopiles;Oomycetes;unclassified;unclassified;unclassified;unclassified
ASV00782;Eukaryota;Stramenopiles;Oomycetes;unclassified;unclassified;unclassified;unclassified
ASV00783;Eukaryota;Stramenopiles;Oomycetes;unclassified;unclassified;unclassified;unclassified
ASV00784;Eukaryota;Stramenopiles;Oomycetes;unclassified;unclassified;unclassified;unclassified
ASV00785;Eukaryota;Stramenopiles;Oomycetes;unclassified;unclassified;unclassified;unclassified
ASV00786;Eukaryota;Stramenopiles;Oomycetes;Saprolegniales;Saprolegniaceae;unclassified;unclassified
ASV00787;Eukaryota;Stramenopiles;unclassified;unclassified;unclassified;unclassified;unclassified
ASV00788;Eukaryota;Stramenopiles;Oomycetes;unclassified;unclassified;unclassified;unclassified
ASV00789;Eukaryota;Stramenopiles;Oomycetes;unclassified;unclassified;unclassified;unclassified
ASV00790;Eukaryota;Stramenopiles;Oomycetes;Peronosporales;unclassified;unclassified;unclassified
ASV00791;Eukaryota;Stramenopiles;Oomycetes;unclassified;unclassified;unclassified;unclassified
ASV00792;Eukaryota;Stramenopiles;Oomycetes;unclassified;unclassified;unclassified;unclassified
ASV00793;Eukaryota;Stramenopiles;Oomycetes;unclassified;unclassified;unclassified;unclassified
ASV00794;Eukaryota;Stramenopiles;Oomycetes;Saprolegniales;Saprolegniaceae;unclassified;unclassified
ASV00795;Eukaryota;Stramenopiles;Oomycetes;Peronosporales;Peronosporaceae;unclassified;unclassified
ASV00796;Eukaryota;Stramenopiles;Oomycetes;unclassified;unclassified;unclassified;unclassified
ASV00797;Eukaryota;Stramenopiles;Oomycetes;unclassified;unclassified;unclassified;unclassified
ASV00798;Eukaryota;Stramenopiles;Oomycetes;Peronosporales;Peronosporaceae;unclassified;unclassified
ASV00799;Eukaryota;Stramenopiles;Oomycetes;unclassified;unclassified;unclassified;unclassified
ASV00800;Eukaryota;Stramenopiles;Oomycetes;Pythiales;Pythiaceae;Pythium;unclassified
ASV00801;Eukaryota;Stramenopiles;Oomycetes;Saprolegniales;Saprolegniaceae;Saprolegnia;Saprolegnia_ferax
ASV00802;Eukaryota;Stramenopiles;Oomycetes;unclassified;unclassified;unclassified;unclassified
ASV00803;Eukaryota;Stramenopiles;Oomycetes;unclassified;unclassified;unclassified;unclassified
ASV00804;Eukaryota;Stramenopiles;Oomycetes;unclassified;unclassified;unclassified;unclassified
ASV00805;Eukaryota;Stramenopiles;Oomycetes;unclassified;unclassified;unclassified;unclassified
ASV00806;Eukaryota;Stramenopiles;Oomycetes;unclassified;unclassified;unclassified;unclassified
ASV00807;Eukaryota;Stramenopiles;Oomycetes;unclassified;unclassified;unclassified;unclassified
ASV00808;Eukaryota;Stramenopiles;Oomycetes;Peronosporales;Peronosporaceae;unclassified;unclassified
ASV00809;Eukaryota;Stramenopiles;Oomycetes;Peronosporales;unclassified;unclassified;unclassified
ASV00810;Eukaryota;Stramenopiles;Oomycetes;Pythiales;Pythiaceae;Pythium;unclassified
ASV00811;Eukaryota;Stramenopiles;Oomycetes;unclassified;unclassified;unclassified;unclassified
ASV00812;Eukaryota;Stramenopiles;Oomycetes;Pythiales;Pythiaceae;Pythium;unclassified
ASV00813;Eukaryota;Stramenopiles;unclassified;unclassified;unclassified;unclassified;unclassified
ASV00814;Eukaryota;Stramenopiles;Oomycetes;unclassified;unclassified;unclassified;unclassified
ASV00815;Eukaryota;Stramenopiles;Oomycetes;unclassified;unclassified;unclassified;unclassified
ASV00816;Eukaryota;Stramenopiles;Oomycetes;unclassified;unclassified;unclassified;unclassified
ASV00817;Eukaryota;Stramenopiles;Oomycetes;Peronosporales;Peronosporaceae;unclassified;unclassified
ASV00818;Eukaryota;Stramenopiles;Oomycetes;unclassified;unclassified;unclassified;unclassified
ASV00819;Eukaryota;Stramenopiles;Oomycetes;unclassified;unclassified;unclassified;unclassified
ASV00820;Eukaryota;Stramenopiles;Oomycetes;unclassified;unclassified;unclassified;unclassified
ASV00821;Eukaryota;Stramenopiles;Oomycetes;unclassified;unclassified;unclassified;unclassified
ASV00822;Eukaryota;Stramenopiles;Oomycetes;unclassified;unclassified;unclassified;unclassified
ASV00823;Eukaryota;Stramenopiles;Oomycetes;unclassified;unclassified;unclassified;unclassified
ASV00824;Eukaryota;Stramenopiles;Oomycetes;unclassified;unclassified;unclassified;unclassified
ASV00825;Eukaryota;Stramenopiles;Oomycetes;unclassified;unclassified;unclassified;unclassified
ASV00826;Eukaryota;Stramenopiles;Oomycetes;Peronosporales;Peronosporaceae;unclassified;unclassified
ASV00827;Eukaryota;Stramenopiles;Oomycetes;unclassified;unclassified;unclassified;unclassified
ASV00828;Eukaryota;Stramenopiles;Oomycetes;unclassified;unclassified;unclassified;unclassified
ASV00829;Eukaryota;Stramenopiles;Oomycetes;unclassified;unclassified;unclassified;unclassified
ASV00830;Eukaryota;Stramenopiles;Oomycetes;unclassified;unclassified;unclassified;unclassified
ASV00831;Eukaryota;Stramenopiles;Oomycetes;unclassified;unclassified;unclassified;unclassified
ASV00832;Eukaryota;Stramenopiles;Oomycetes;unclassified;unclassified;unclassified;unclassified
ASV00833;Eukaryota;Stramenopiles;Oomycetes;unclassified;unclassified;unclassified;unclassified
ASV00834;Eukaryota;Stramenopiles;Oomycetes;unclassified;unclassified;unclassified;unclassified
ASV00835;Eukaryota;Stramenopiles;Oomycetes;Saprolegniales;Saprolegniaceae;Saprolegnia;Saprolegnia_ferax
ASV00836;Eukaryota;Stramenopiles;Oomycetes;Peronosporales;unclassified;unclassified;unclassified
ASV00837;Eukaryota;Stramenopiles;Oomycetes;unclassified;unclassified;unclassified;unclassified
ASV00838;Eukaryota;Stramenopiles;Oomycetes;unclassified;unclassified;unclassified;unclassified
ASV00839;Eukaryota;Stramenopiles;Oomycetes;unclassified;unclassified;unclassified;unclassified
ASV00840;Eukaryota;Stramenopiles;Oomycetes;unclassified;unclassified;unclassified;unclassified
ASV00841;Eukaryota;Stramenopiles;Oomycetes;unclassified;unclassified;unclassified;unclassified
ASV00842;Eukaryota;Stramenopiles;Oomycetes;unclassified;unclassified;unclassified;unclassified
ASV00843;Eukaryota;Stramenopiles;Oomycetes;unclassified;unclassified;unclassified;unclassified
ASV00844;Eukaryota;Stramenopiles;Oomycetes;unclassified;unclassified;unclassified;unclassified
ASV00845;Eukaryota;Stramenopiles;Oomycetes;unclassified;unclassified;unclassified;unclassified
ASV00846;Eukaryota;Stramenopiles;Oomycetes;unclassified;unclassified;unclassified;unclassified
ASV00847;Eukaryota;Stramenopiles;Oomycetes;unclassified;unclassified;unclassified;unclassified
ASV00848;Eukaryota;Stramenopiles;Oomycetes;Pythiales;Pythiaceae;Pythium;unclassified
ASV00849;Eukaryota;Stramenopiles;Oomycetes;unclassified;unclassified;unclassified;unclassified
ASV00850;Eukaryota;Stramenopiles;Oomycetes;Pythiales;Pythiaceae;Pythium;unclassified
ASV00851;Eukaryota;Stramenopiles;Oomycetes;Peronosporales;Peronosporaceae;unclassified;unclassified
ASV00852;Eukaryota;Stramenopiles;Oomycetes;unclassified;unclassified;unclassified;unclassified
ASV00853;Eukaryota;Stramenopiles;Oomycetes;unclassified;unclassified;unclassified;unclassified
ASV00854;Eukaryota;Stramenopiles;Oomycetes;unclassified;unclassified;unclassified;unclassified
ASV00855;Eukaryota;Stramenopiles;Oomycetes;unclassified;unclassified;unclassified;unclassified
ASV00856;Eukaryota;Stramenopiles;Oomycetes;unclassified;unclassified;unclassified;unclassified
ASV00857;Eukaryota;Stramenopiles;Oomycetes;unclassified;unclassified;unclassified;unclassified
ASV00858;Eukaryota;Stramenopiles;Oomycetes;unclassified;unclassified;unclassified;unclassified
ASV00859;Eukaryota;Stramenopiles;Oomycetes;Peronosporales;Peronosporaceae;unclassified;unclassified
ASV00860;Eukaryota;Stramenopiles;Oomycetes;unclassified;unclassified;unclassified;unclassified
ASV00861;Eukaryota;Stramenopiles;Oomycetes;unclassified;unclassified;unclassified;unclassified
ASV00862;Eukaryota;Stramenopiles;Oomycetes;unclassified;unclassified;unclassified;unclassified
ASV00863;Eukaryota;Stramenopiles;Oomycetes;unclassified;unclassified;unclassified;unclassified
ASV00864;Eukaryota;Stramenopiles;Oomycetes;unclassified;unclassified;unclassified;unclassified
ASV00865;Eukaryota;Stramenopiles;Oomycetes;unclassified;unclassified;unclassified;unclassified
ASV00866;Eukaryota;Stramenopiles;Oomycetes;unclassified;unclassified;unclassified;unclassified
ASV00867;Eukaryota;Stramenopiles;Oomycetes;unclassified;unclassified;unclassified;unclassified
ASV00868;Eukaryota;Stramenopiles;Oomycetes;Pythiales;Pythiaceae;Pythium;unclassified
ASV00869;Eukaryota;Stramenopiles;Oomycetes;unclassified;unclassified;unclassified;unclassified
ASV00870;Eukaryota;Stramenopiles;Oomycetes;unclassified;unclassified;unclassified;unclassified
ASV00871;Eukaryota;Stramenopiles;Oomycetes;Peronosporales;Peronosporaceae;unclassified;unclassified
ASV00872;Eukaryota;Stramenopiles;Oomycetes;unclassified;unclassified;unclassified;unclassified
ASV00873;Eukaryota;Stramenopiles;Oomycetes;unclassified;unclassified;unclassified;unclassified
ASV00874;Eukaryota;Stramenopiles;Oomycetes;Saprolegniales;Saprolegniaceae;unclassified;unclassified
ASV00875;Eukaryota;Stramenopiles;Oomycetes;unclassified;unclassified;unclassified;unclassified
ASV00876;Eukaryota;Stramenopiles;Oomycetes;unclassified;unclassified;unclassified;unclassified
ASV00877;Eukaryota;Stramenopiles;Oomycetes;unclassified;unclassified;unclassified;unclassified
ASV00878;Eukaryota;Stramenopiles;Oomycetes;unclassified;unclassified;unclassified;unclassified
ASV00879;Eukaryota;Stramenopiles;Oomycetes;unclassified;unclassified;unclassified;unclassified
ASV00880;Eukaryota;Stramenopiles;Oomycetes;unclassified;unclassified;unclassified;unclassified
ASV00881;Eukaryota;Stramenopiles;Oomycetes;unclassified;unclassified;unclassified;unclassified
ASV00882;Eukaryota;Stramenopiles;Oomycetes;unclassified;unclassified;unclassified;unclassified
ASV00883;Eukaryota;Stramenopiles;Oomycetes;unclassified;unclassified;unclassified;unclassified
ASV00884;Eukaryota;Stramenopiles;Oomycetes;unclassified;unclassified;unclassified;unclassified
ASV00885;Eukaryota;Stramenopiles;Oomycetes;unclassified;unclassified;unclassified;unclassified
ASV00886;Eukaryota;Stramenopiles;Oomycetes;unclassified;unclassified;unclassified;unclassified
ASV00887;Eukaryota;Stramenopiles;Oomycetes;unclassified;unclassified;unclassified;unclassified
ASV00888;Eukaryota;Stramenopiles;Oomycetes;Pythiales;Pythiaceae;Pythium;unclassified
ASV00889;Eukaryota;Stramenopiles;Oomycetes;unclassified;unclassified;unclassified;unclassified
ASV00890;Eukaryota;Stramenopiles;Oomycetes;Pythiales;Pythiaceae;Pythium;unclassified
ASV00891;Eukaryota;Stramenopiles;Oomycetes;unclassified;unclassified;unclassified;unclassified
ASV00892;Eukaryota;Stramenopiles;Oomycetes;unclassified;unclassified;unclassified;unclassified
ASV00893;Eukaryota;Stramenopiles;Oomycetes;unclassified;unclassified;unclassified;unclassified
ASV00894;Eukaryota;Stramenopiles;Oomycetes;Peronosporales;unclassified;unclassified;unclassified
ASV00895;Eukaryota;Stramenopiles;Oomycetes;Pythiales;Pythiaceae;Pythium;unclassified
ASV00896;Eukaryota;Stramenopiles;Oomycetes;unclassified;unclassified;unclassified;unclassified
ASV00897;Eukaryota;Stramenopiles;Oomycetes;unclassified;unclassified;unclassified;unclassified
ASV00898;Eukaryota;Stramenopiles;Oomycetes;unclassified;unclassified;unclassified;unclassified
ASV00899;Eukaryota;Stramenopiles;Oomycetes;unclassified;unclassified;unclassified;unclassified
ASV00900;Eukaryota;Stramenopiles;Oomycetes;unclassified;unclassified;unclassified;unclassified
ASV00901;Eukaryota;Stramenopiles;Oomycetes;unclassified;unclassified;unclassified;unclassified
ASV00902;Eukaryota;Stramenopiles;Oomycetes;unclassified;unclassified;unclassified;unclassified
ASV00903;Eukaryota;Stramenopiles;Oomycetes;Pythiales;Pythiaceae;Pythium;unclassified
ASV00904;Eukaryota;Stramenopiles;Oomycetes;unclassified;unclassified;unclassified;unclassified
ASV00905;Eukaryota;Stramenopiles;Oomycetes;unclassified;unclassified;unclassified;unclassified
ASV00906;Eukaryota;Stramenopiles;Oomycetes;unclassified;unclassified;unclassified;unclassified
ASV00907;Eukaryota;Stramenopiles;Oomycetes;Saprolegniales;Saprolegniaceae;Saprolegnia;Saprolegnia_ferax
ASV00908;Eukaryota;Stramenopiles;unclassified;unclassified;unclassified;unclassified;unclassified
ASV00909;Eukaryota;Stramenopiles;Oomycetes;unclassified;unclassified;unclassified;unclassified
ASV00910;Eukaryota;Stramenopiles;Oomycetes;unclassified;unclassified;unclassified;unclassified
ASV00911;Eukaryota;Stramenopiles;Oomycetes;unclassified;unclassified;unclassified;unclassified
ASV00912;Eukaryota;Stramenopiles;Oomycetes;Pythiales;Pythiaceae;Pythium;unclassified
ASV00913;Eukaryota;Stramenopiles;Oomycetes;unclassified;unclassified;unclassified;unclassified
ASV00914;Eukaryota;Stramenopiles;Oomycetes;unclassified;unclassified;unclassified;unclassified
ASV00915;Eukaryota;Stramenopiles;Oomycetes;unclassified;unclassified;unclassified;unclassified
ASV00916;Eukaryota;Stramenopiles;Oomycetes;Peronosporales;Peronosporaceae;unclassified;unclassified
ASV00917;Eukaryota;Stramenopiles;Oomycetes;unclassified;unclassified;unclassified;unclassified
ASV00918;Eukaryota;Stramenopiles;Oomycetes;unclassified;unclassified;unclassified;unclassified
ASV00919;Eukaryota;Stramenopiles;Oomycetes;unclassified;unclassified;unclassified;unclassified
ASV00920;Eukaryota;Stramenopiles;Oomycetes;unclassified;unclassified;unclassified;unclassified
ASV00921;Eukaryota;Stramenopiles;Oomycetes;unclassified;unclassified;unclassified;unclassified
ASV00922;Eukaryota;Stramenopiles;Oomycetes;unclassified;unclassified;unclassified;unclassified
ASV00923;Eukaryota;Stramenopiles;Oomycetes;Peronosporales;unclassified;unclassified;unclassified
ASV00924;Eukaryota;Stramenopiles;Oomycetes;Peronosporales;Peronosporaceae;unclassified;unclassified
ASV00925;Eukaryota;Stramenopiles;Oomycetes;unclassified;unclassified;unclassified;unclassified
ASV00926;Eukaryota;Stramenopiles;Oomycetes;unclassified;unclassified;unclassified;unclassified
ASV00927;Eukaryota;Stramenopiles;Oomycetes;unclassified;unclassified;unclassified;unclassified
ASV00928;Eukaryota;Stramenopiles;Oomycetes;unclassified;unclassified;unclassified;unclassified
ASV00929;Eukaryota;Stramenopiles;Oomycetes;unclassified;unclassified;unclassified;unclassified
ASV00930;Eukaryota;Stramenopiles;unclassified;unclassified;unclassified;unclassified;unclassified
ASV00931;Eukaryota;Stramenopiles;Oomycetes;Peronosporales;Peronosporaceae;unclassified;unclassified
ASV00932;Eukaryota;Stramenopiles;Oomycetes;unclassified;unclassified;unclassified;unclassified
ASV00933;Eukaryota;Stramenopiles;unclassified;unclassified;unclassified;unclassified;unclassified
ASV00934;Eukaryota;Stramenopiles;Oomycetes;unclassified;unclassified;unclassified;unclassified
ASV00935;Eukaryota;Stramenopiles;Oomycetes;unclassified;unclassified;unclassified;unclassified
ASV00936;Eukaryota;Stramenopiles;Oomycetes;unclassified;unclassified;unclassified;unclassified
ASV00937;Eukaryota;Stramenopiles;Oomycetes;unclassified;unclassified;unclassified;unclassified
ASV00938;Eukaryota;Stramenopiles;Oomycetes;unclassified;unclassified;unclassified;unclassified
ASV00939;Eukaryota;Stramenopiles;Oomycetes;unclassified;unclassified;unclassified;unclassified
ASV00940;Eukaryota;Stramenopiles;Oomycetes;unclassified;unclassified;unclassified;unclassified
ASV00941;Eukaryota;Stramenopiles;Oomycetes;unclassified;unclassified;unclassified;unclassified
ASV00942;Eukaryota;Stramenopiles;Hyphochytriomycetes;Hyphochytriomycetes_Class_Incertae_sedis;Hyphochytriaceae;Hyphochytrium;Hyphochytrium_catenoides
ASV00943;Eukaryota;Stramenopiles;unclassified;unclassified;unclassified;unclassified;unclassified
ASV00944;Eukaryota;Stramenopiles;Oomycetes;unclassified;unclassified;unclassified;unclassified
ASV00945;Eukaryota;Stramenopiles;Oomycetes;Peronosporales;Peronosporaceae;unclassified;unclassified
ASV00946;Eukaryota;Stramenopiles;Oomycetes;unclassified;unclassified;unclassified;unclassified
ASV00947;Eukaryota;Stramenopiles;Oomycetes;unclassified;unclassified;unclassified;unclassified
ASV00948;Eukaryota;Stramenopiles;Oomycetes;unclassified;unclassified;unclassified;unclassified
ASV00949;Eukaryota;Stramenopiles;Oomycetes;Peronosporales;Peronosporaceae;unclassified;unclassified
ASV00950;Eukaryota;Stramenopiles;Hyphochytriomycetes;Hyphochytriomycetes_Class_Incertae_sedis;Hyphochytriaceae;Hyphochytrium;Hyphochytrium_catenoides
ASV00951;Eukaryota;Stramenopiles;Oomycetes;unclassified;unclassified;unclassified;unclassified
ASV00952;Eukaryota;Stramenopiles;Oomycetes;unclassified;unclassified;unclassified;unclassified
ASV00953;Eukaryota;Stramenopiles;Oomycetes;unclassified;unclassified;unclassified;unclassified
ASV00954;Eukaryota;Stramenopiles;Hyphochytriomycetes;Hyphochytriomycetes_Class_Incertae_sedis;Hyphochytriaceae;Hyphochytrium;Hyphochytrium_catenoides
ASV00955;Eukaryota;Stramenopiles;Oomycetes;unclassified;unclassified;unclassified;unclassified
ASV00956;Eukaryota;Stramenopiles;Oomycetes;Saprolegniales;Saprolegniaceae;Saprolegnia;Saprolegnia_ferax
ASV00957;Eukaryota;Stramenopiles;Oomycetes;unclassified;unclassified;unclassified;unclassified
ASV00958;Eukaryota;Stramenopiles;Oomycetes;unclassified;unclassified;unclassified;unclassified
ASV00959;Eukaryota;Stramenopiles;Oomycetes;unclassified;unclassified;unclassified;unclassified
ASV00960;Eukaryota;Stramenopiles;Oomycetes;unclassified;unclassified;unclassified;unclassified
ASV00961;Eukaryota;Stramenopiles;Oomycetes;unclassified;unclassified;unclassified;unclassified
ASV00962;Eukaryota;Stramenopiles;Oomycetes;unclassified;unclassified;unclassified;unclassified
ASV00963;Eukaryota;Stramenopiles;Oomycetes;unclassified;unclassified;unclassified;unclassified
ASV00964;Eukaryota;Stramenopiles;Oomycetes;unclassified;unclassified;unclassified;unclassified
ASV00965;Eukaryota;Stramenopiles;Oomycetes;unclassified;unclassified;unclassified;unclassified
ASV00966;Eukaryota;Stramenopiles;unclassified;unclassified;unclassified;unclassified;unclassified
ASV00967;Eukaryota;Stramenopiles;Oomycetes;Peronosporales;Peronosporaceae;unclassified;unclassified
ASV00968;Eukaryota;Stramenopiles;Oomycetes;unclassified;unclassified;unclassified;unclassified
ASV00969;Eukaryota;Stramenopiles;Oomycetes;unclassified;unclassified;unclassified;unclassified
ASV00970;Eukaryota;Stramenopiles;Oomycetes;unclassified;unclassified;unclassified;unclassified
ASV00971;Eukaryota;Stramenopiles;Oomycetes;Peronosporales;unclassified;unclassified;unclassified
